club_name,total_wage_spent_2015_2023,league_name,club_logo_url
1. FC Heidenheim 1846,1624050.0,German 2. Bundesliga,https://cdn.sofifa.net/teams/111235/60.png
1. FC Kaiserslautern,1099300.0,German 3. Bundesliga,https://cdn.sofifa.net/teams/29/60.png
1. FC Köln,4649100.0,German 1. Bundesliga,https://cdn.sofifa.net/teams/31/60.png
1. FC Magdeburg,275750.0,German 3. Bundesliga,https://cdn.sofifa.net/teams/110588/60.png
1. FC Nürnberg,1952000.0,German 2. Bundesliga,https://cdn.sofifa.net/teams/171/60.png
1. FC Saarbrücken,106350.0,German 3. Bundesliga,https://cdn.sofifa.net/teams/523/60.png
1. FC Union Berlin,3656350.0,German 1. Bundesliga,https://cdn.sofifa.net/teams/1831/60.png
1. FSV Mainz 05,4937000.0,German 1. Bundesliga,https://cdn.sofifa.net/teams/169/60.png
12 de Octubre FC,20300.0,Paraguayan Primera División,https://cdn.sofifa.net/teams/111007/60.png
AC Ajaccio,671150.0,French Ligue 2,https://cdn.sofifa.net/teams/614/60.png
AC Arles Avignon,141000.0,French Ligue 2,https://cdn.sofifa.net/teams/111989/60.png
AC Barnechea,60000.0,Chilian Campeonato Nacional,https://cdn.sofifa.net/teams/112708/60.png
AC Horsens,278650.0,Danish Superliga,https://cdn.sofifa.net/teams/1446/60.png
AC Milan,13356000.0,Italian Serie A,https://cdn.sofifa.net/teams/47/60.png
AC Mineros de Guayana,36500.0,Venezuelan Primera División,https://cdn.sofifa.net/teams/110992/60.png
AC Monza,180750.0,Italian Serie B,https://cdn.sofifa.net/teams/111811/60.png
AC Sparta Praha,129300.0,Czech Republic Gambrinus Liga,https://cdn.sofifa.net/teams/267/60.png
AD Alcorcón,1137400.0,Spanish Segunda División,https://cdn.sofifa.net/teams/100831/60.png
ADO Den Haag,954250.0,Holland Eredivisie,https://cdn.sofifa.net/teams/650/60.png
AEK Athens,144900.0,Greek Super League,https://cdn.sofifa.net/teams/278/60.png
AFC Astra Giurgiu,177500.0,Romanian Liga I,https://cdn.sofifa.net/teams/112847/60.png
AFC Bournemouth,6662700.0,English League Championship,https://cdn.sofifa.net/teams/1943/60.png
AFC Chindia Târgoviște,140950.0,Romanian Liga I,https://cdn.sofifa.net/teams/113387/60.png
AFC Eskilstuna,62750.0,Swedish Allsvenskan,https://cdn.sofifa.net/teams/112171/60.png
AFC Hermannstadt,116150.0,Romanian Liga I,https://cdn.sofifa.net/teams/114147/60.png
AFC UTA Arad,133350.0,Romanian Liga I,https://cdn.sofifa.net/teams/110750/60.png
AFC Wimbledon,438400.0,English League One,https://cdn.sofifa.net/teams/112259/60.png
AIK,1211700.0,Swedish Allsvenskan,https://cdn.sofifa.net/teams/433/60.png
AJ Auxerre,924400.0,French Ligue 2,https://cdn.sofifa.net/teams/57/60.png
APOEL Nicosia FC,33700.0,Cypriot First Division,https://cdn.sofifa.net/teams/100135/60.png
AS Béziers,41000.0,French Ligue 2,https://cdn.sofifa.net/teams/113948/60.png
AS Monaco,8645900.0,French Ligue 1,https://cdn.sofifa.net/teams/69/60.png
AS Nancy Lorraine,1051400.0,French Ligue 2,https://cdn.sofifa.net/teams/1823/60.png
AS Saint-Étienne,6144500.0,French Ligue 1,https://cdn.sofifa.net/teams/1819/60.png
ATK Mohun Bagan FC,37800.0,Indian Super League,https://cdn.sofifa.net/teams/113146/60.png
AZ Alkmaar,1827900.0,Holland Eredivisie,https://cdn.sofifa.net/teams/1906/60.png
Aalborg BK,1189150.0,Danish Superliga,https://cdn.sofifa.net/teams/820/60.png
Aalesunds FK,345100.0,Norwegian Eliteserien,https://cdn.sofifa.net/teams/1755/60.png
Aarhus GF,914900.0,Danish Superliga,https://cdn.sofifa.net/teams/271/60.png
Aberdeen,1012700.0,Scottish Premiership,https://cdn.sofifa.net/teams/77/60.png
Abha Club,335000.0,Saudi Abdul L. Jameel League,https://cdn.sofifa.net/teams/113058/60.png
Academia Puerto Cabello,27000.0,Venezuelan Primera División,https://cdn.sofifa.net/teams/114611/60.png
Accrington Stanley,411750.0,English League One,https://cdn.sofifa.net/teams/110313/60.png
Adana Demirspor,491000.0,Turkish Süper Lig,https://cdn.sofifa.net/teams/101016/60.png
Adanaspor,255000.0,Turkish Süper Lig,https://cdn.sofifa.net/teams/110401/60.png
Adelaide United,459000.0,Australian Hyundai A-League,https://cdn.sofifa.net/teams/111393/60.png
Ajax,4806550.0,Holland Eredivisie,https://cdn.sofifa.net/teams/245/60.png
Akhisar Belediyespor,1336000.0,Turkish Süper Lig,https://cdn.sofifa.net/teams/111340/60.png
Al Adalah,174000.0,Saudi Abdul L. Jameel League,https://cdn.sofifa.net/teams/113345/60.png
Al Ahli,3830000.0,Saudi Abdul L. Jameel League,https://cdn.sofifa.net/teams/112387/60.png
Al Ain FC,64650.0,UAE Arabian Gulf League,https://cdn.sofifa.net/teams/111701/60.png
Al Batin,528000.0,Saudi Abdul L. Jameel League,https://cdn.sofifa.net/teams/112990/60.png
Al Faisaly,1300000.0,Saudi Abdul L. Jameel League,https://cdn.sofifa.net/teams/112389/60.png
Al Fateh,1638000.0,Saudi Abdul L. Jameel League,https://cdn.sofifa.net/teams/112390/60.png
Al Fayha,933000.0,Saudi Abdul L. Jameel League,https://cdn.sofifa.net/teams/113057/60.png
Al Hazem,638000.0,Saudi Abdul L. Jameel League,https://cdn.sofifa.net/teams/113222/60.png
Al Hilal,5070000.0,Saudi Abdul L. Jameel League,https://cdn.sofifa.net/teams/605/60.png
Al Ittihad,3462000.0,Saudi Abdul L. Jameel League,https://cdn.sofifa.net/teams/607/60.png
Al Khaleej,265000.0,Saudi Abdul L. Jameel League,https://cdn.sofifa.net/teams/112883/60.png
Al Nassr,4457000.0,Saudi Abdul L. Jameel League,https://cdn.sofifa.net/teams/112139/60.png
Al Orobah,98000.0,Saudi Abdul L. Jameel League,https://cdn.sofifa.net/teams/112675/60.png
Al Qadisiyah,430000.0,Saudi Abdul L. Jameel League,https://cdn.sofifa.net/teams/112391/60.png
Al Raed,1228800.0,Saudi Abdul L. Jameel League,https://cdn.sofifa.net/teams/112392/60.png
Al Shabab,2887000.0,Saudi Abdul L. Jameel League,https://cdn.sofifa.net/teams/111674/60.png
Al Shoulla,86000.0,Saudi Abdul L. Jameel League,https://cdn.sofifa.net/teams/112407/60.png
Al Taawoun,1487900.0,Saudi Abdul L. Jameel League,https://cdn.sofifa.net/teams/112393/60.png
Al Tai,306000.0,Saudi Abdul L. Jameel League,https://cdn.sofifa.net/teams/112572/60.png
Al Wehda,906000.0,Saudi Abdul L. Jameel League,https://cdn.sofifa.net/teams/112408/60.png
Albacete BP,662050.0,Spanish Segunda División,https://cdn.sofifa.net/teams/1854/60.png
Albirex Niigata,96500.0,Japanese J. League Division 1,https://cdn.sofifa.net/teams/112906/60.png
Alianza Petrolera,256200.0,Colombian Liga Postobón,https://cdn.sofifa.net/teams/112579/60.png
Altay SK,295500.0,Turkish Süper Lig,https://cdn.sofifa.net/teams/101006/60.png
Amiens SC,1265750.0,French Ligue 2,https://cdn.sofifa.net/teams/1816/60.png
Amkar Perm,752000.0,Russian Premier League,https://cdn.sofifa.net/teams/110234/60.png
América Futebol Clube,410000.0,Campeonato Brasileiro Série A,https://cdn.sofifa.net/teams/112001/60.png
América de Cali,179000.0,Colombian Liga Postobón,https://cdn.sofifa.net/teams/101099/60.png
Angers SCO,3124950.0,French Ligue 1,https://cdn.sofifa.net/teams/1530/60.png
Antalyaspor,2058450.0,Turkish Süper Lig,https://cdn.sofifa.net/teams/741/60.png
Aragua Fútbol Club,38500.0,Venezuelan Primera División,https://cdn.sofifa.net/teams/112916/60.png
Argentinos Juniors,1055800.0,Argentina Primera División,https://cdn.sofifa.net/teams/111019/60.png
Arka Gdynia,221950.0,Polish T-Mobile Ekstraklasa,https://cdn.sofifa.net/teams/111082/60.png
Arsenal,21263000.0,English Premier League,https://cdn.sofifa.net/teams/1/60.png
Arsenal Tula,658000.0,Russian Premier League,https://cdn.sofifa.net/teams/110756/60.png
Arsenal de Sarandí,1038700.0,Argentina Primera División,https://cdn.sofifa.net/teams/110394/60.png
Ascoli,238550.0,Italian Serie B,https://cdn.sofifa.net/teams/1847/60.png
Associação Académica de Coimbra,534000.0,Portuguese Liga ZON SAGRES,https://cdn.sofifa.net/teams/1901/60.png
Associação Chapecoense de Futebol,1027000.0,Campeonato Brasileiro Série A,https://cdn.sofifa.net/teams/112476/60.png
Aston Villa,8408000.0,English Premier League,https://cdn.sofifa.net/teams/2/60.png
Atakaş Hatayspor,431000.0,Turkish Süper Lig,https://cdn.sofifa.net/teams/101028/60.png
Atalanta,7663000.0,Italian Serie A,https://cdn.sofifa.net/teams/39/60.png
Athletic Club de Bilbao,6839000.0,Spain Primera Division,https://cdn.sofifa.net/teams/448/60.png
Athletic Club de Bilbao B,50000.0,Spanish Segunda División,https://cdn.sofifa.net/teams/110701/60.png
Athlone Town,50000.0,Rep. Ireland Airtricity League,https://cdn.sofifa.net/teams/111965/60.png
Atlanta United,668400.0,USA Major League Soccer,https://cdn.sofifa.net/teams/112885/60.png
Atlético Bucaramanga,99300.0,Colombian Liga Postobón,https://cdn.sofifa.net/teams/112992/60.png
Atlético Clube Goianiense,591000.0,Campeonato Brasileiro Série A,https://cdn.sofifa.net/teams/112119/60.png
Atlético Huila,349100.0,Colombian Liga Postobón,https://cdn.sofifa.net/teams/112528/60.png
Atlético Nacional,1842850.0,Colombian Liga Postobón,https://cdn.sofifa.net/teams/101100/60.png
Atlético Tucumán,973200.0,Argentina Primera División,https://cdn.sofifa.net/teams/111708/60.png
Atlético de Madrid,15595000.0,Spain Primera Division,https://cdn.sofifa.net/teams/240/60.png
Atlético de Rafaela,294000.0,Argentina Primera División,https://cdn.sofifa.net/teams/110392/60.png
Audax Italiano,613350.0,Chilian Campeonato Nacional,https://cdn.sofifa.net/teams/101097/60.png
Austin FC,165000.0,USA Major League Soccer,https://cdn.sofifa.net/teams/114161/60.png
Avaí FC,362000.0,Campeonato Brasileiro Série A,https://cdn.sofifa.net/teams/111976/60.png
Avellino,346000.0,Italian Serie B,https://cdn.sofifa.net/teams/2038/60.png
Avispa Fukuoka,134800.0,Japanese J. League Division 1,https://cdn.sofifa.net/teams/113186/60.png
Aytemiz Alanyaspor,1681000.0,Turkish Süper Lig,https://cdn.sofifa.net/teams/113142/60.png
BB Erzurumspor,279000.0,Turkish Süper Lig,https://cdn.sofifa.net/teams/749/60.png
BK Häcken,557500.0,Swedish Allsvenskan,https://cdn.sofifa.net/teams/711/60.png
BSC Young Boys,2615000.0,Swiss Super League,https://cdn.sofifa.net/teams/900/60.png
Bahia,738000.0,Campeonato Brasileiro Série A,https://cdn.sofifa.net/teams/1598/60.png
Balıkesirspor,151000.0,Turkish Süper Lig,https://cdn.sofifa.net/teams/112889/60.png
Barcelona Sporting Club,49450.0,Ecuadorian Serie A,https://cdn.sofifa.net/teams/110981/60.png
Bari,650500.0,Italian Serie B,https://cdn.sofifa.net/teams/1848/60.png
Barnet,177000.0,English League Two,https://cdn.sofifa.net/teams/135/60.png
Barnsley,1394800.0,English League Championship,https://cdn.sofifa.net/teams/1932/60.png
Barrow,129400.0,English League Two,https://cdn.sofifa.net/teams/381/60.png
Bayer 04 Leverkusen,10426000.0,German 1. Bundesliga,https://cdn.sofifa.net/teams/32/60.png
Beijing Guoan FC,969000.0,Chinese Super League,https://cdn.sofifa.net/teams/111768/60.png
Beijing Renhe FC,231000.0,Chinese Super League,https://cdn.sofifa.net/teams/112537/60.png
Belenenses SAD,1369900.0,Portuguese Liga ZON SAGRES,https://cdn.sofifa.net/teams/1889/60.png
Belgrano de Córdoba,782000.0,Argentina Primera División,https://cdn.sofifa.net/teams/111022/60.png
Benevento,1272550.0,Italian Serie B,https://cdn.sofifa.net/teams/112026/60.png
Bengaluru FC,32100.0,Indian Super League,https://cdn.sofifa.net/teams/113302/60.png
Beşiktaş JK,10529850.0,Turkish Süper Lig,https://cdn.sofifa.net/teams/327/60.png
Birmingham City,2576300.0,English League Championship,https://cdn.sofifa.net/teams/88/60.png
Blackburn Rovers,2749550.0,English League Championship,https://cdn.sofifa.net/teams/3/60.png
Blackpool,831500.0,English League Championship,https://cdn.sofifa.net/teams/1926/60.png
Boavista FC,1463100.0,Portuguese Liga ZON SAGRES,https://cdn.sofifa.net/teams/1898/60.png
Boca Juniors,4995200.0,Argentina Primera División,https://cdn.sofifa.net/teams/1877/60.png
Bohemian FC,199550.0,Rep. Ireland Airtricity League,https://cdn.sofifa.net/teams/305/60.png
Bologna,5783100.0,Italian Serie A,https://cdn.sofifa.net/teams/189/60.png
Bolton Wanderers,1450600.0,English League One,https://cdn.sofifa.net/teams/4/60.png
Borussia Dortmund,15107800.0,German 1. Bundesliga,https://cdn.sofifa.net/teams/22/60.png
Borussia Dortmund II,43000.0,German 3. Bundesliga,https://cdn.sofifa.net/teams/110676/60.png
Borussia Mönchengladbach,7321200.0,German 1. Bundesliga,https://cdn.sofifa.net/teams/23/60.png
Botafogo,1313000.0,Campeonato Brasileiro Série A,https://cdn.sofifa.net/teams/517/60.png
Boyacá Chicó FC,249500.0,Colombian Liga Postobón,https://cdn.sofifa.net/teams/112019/60.png
Bradford City,836100.0,English League Two,https://cdn.sofifa.net/teams/1804/60.png
Bray Wanderers,136500.0,Rep. Ireland Airtricity League,https://cdn.sofifa.net/teams/838/60.png
Brentford,4121550.0,English Premier League,https://cdn.sofifa.net/teams/1925/60.png
Brescia,708850.0,Italian Serie B,https://cdn.sofifa.net/teams/190/60.png
Brighton & Hove Albion,7650000.0,English Premier League,https://cdn.sofifa.net/teams/1808/60.png
Brisbane Roar,644250.0,Australian Hyundai A-League,https://cdn.sofifa.net/teams/111395/60.png
Bristol City,3471000.0,English League Championship,https://cdn.sofifa.net/teams/1919/60.png
Bristol Rovers,615850.0,English League Two,https://cdn.sofifa.net/teams/1962/60.png
Bruk-Bet Termalica Nieciecza,268800.0,Polish T-Mobile Ekstraklasa,https://cdn.sofifa.net/teams/112510/60.png
Brøndby IF,2022300.0,Danish Superliga,https://cdn.sofifa.net/teams/269/60.png
Burgos CF,153900.0,Spanish Segunda División,https://cdn.sofifa.net/teams/10846/60.png
Burnley,6987000.0,English Premier League,https://cdn.sofifa.net/teams/1796/60.png
Bursaspor,2017500.0,Turkish Süper Lig,https://cdn.sofifa.net/teams/742/60.png
Burton Albion,726000.0,English League One,https://cdn.sofifa.net/teams/15015/60.png
Bury,386600.0,English League One,https://cdn.sofifa.net/teams/1945/60.png
Busan IPark,270200.0,Korean K League 1,https://cdn.sofifa.net/teams/1476/60.png
C.D. Castellón,68800.0,Spanish Segunda División,https://cdn.sofifa.net/teams/100852/60.png
C.D. Universidad Católica del Ecuador,14500.0,Ecuadorian Serie A,https://cdn.sofifa.net/teams/114581/60.png
CA Osasuna,3688000.0,Spain Primera Division,https://cdn.sofifa.net/teams/479/60.png
CD Antofagasta,536650.0,Chilian Campeonato Nacional,https://cdn.sofifa.net/teams/112533/60.png
CD Cobreloa,151000.0,Chilian Campeonato Nacional,https://cdn.sofifa.net/teams/110979/60.png
CD Everton de Viña del Mar,223900.0,Chilian Campeonato Nacional,https://cdn.sofifa.net/teams/112584/60.png
CD Feirense,405000.0,Portuguese Liga ZON SAGRES,https://cdn.sofifa.net/teams/10019/60.png
CD Huachipato,726800.0,Chilian Campeonato Nacional,https://cdn.sofifa.net/teams/111327/60.png
CD Leganés,2944200.0,Spanish Segunda División,https://cdn.sofifa.net/teams/100888/60.png
CD Lugo,839900.0,Spanish Segunda División,https://cdn.sofifa.net/teams/110831/60.png
CD Mirandés,569700.0,Spanish Segunda División,https://cdn.sofifa.net/teams/110069/60.png
CD Nacional,1111500.0,Portuguese Liga ZON SAGRES,https://cdn.sofifa.net/teams/1891/60.png
CD Numancia,830400.0,Spanish Segunda División,https://cdn.sofifa.net/teams/477/60.png
CD O'Higgins,878300.0,Chilian Campeonato Nacional,https://cdn.sofifa.net/teams/112116/60.png
CD Tenerife,1341750.0,Spanish Segunda División,https://cdn.sofifa.net/teams/260/60.png
CD Tondela,734200.0,Portuguese Liga ZON SAGRES,https://cdn.sofifa.net/teams/112516/60.png
CD Universidad de Concepción,430700.0,Chilian Campeonato Nacional,https://cdn.sofifa.net/teams/112534/60.png
CE Sabadell FC,194450.0,Spanish Segunda División,https://cdn.sofifa.net/teams/15021/60.png
CF Fuenlabrada,332250.0,Spanish Segunda División,https://cdn.sofifa.net/teams/110065/60.png
CF Monterrey,6173000.0,Mexican Liga MX,https://cdn.sofifa.net/teams/1032/60.png
CF Rayo Majadahonda,60000.0,Spanish Segunda División,https://cdn.sofifa.net/teams/110066/60.png
CF Reus Deportiu,349000.0,Spanish Segunda División,https://cdn.sofifa.net/teams/110854/60.png
CFR Cluj,694450.0,Romanian Liga I,https://cdn.sofifa.net/teams/110816/60.png
CS Emelec,42900.0,Ecuadorian Serie A,https://cdn.sofifa.net/teams/110984/60.png
CS Mioveni,52800.0,Romanian Liga I,https://cdn.sofifa.net/teams/113380/60.png
CSM Politehnica Iași,85350.0,Romanian Liga I,https://cdn.sofifa.net/teams/110815/60.png
Cagliari,5298000.0,Italian Serie A,https://cdn.sofifa.net/teams/1842/60.png
Cambridge United,548250.0,English League One,https://cdn.sofifa.net/teams/1944/60.png
Campionii FC Arges,127500.0,Romanian Liga I,https://cdn.sofifa.net/teams/100759/60.png
Caracas Fútbol Club,15000.0,Venezuelan Primera División,https://cdn.sofifa.net/teams/110989/60.png
Cardiff City,4121000.0,English League Championship,https://cdn.sofifa.net/teams/1961/60.png
Carlisle United,546750.0,English League Two,https://cdn.sofifa.net/teams/1480/60.png
Carlos A. Mannucci,29000.0,Peruvian Primera División,https://cdn.sofifa.net/teams/114619/60.png
Carpi,776500.0,Italian Serie B,https://cdn.sofifa.net/teams/112409/60.png
Castellammare di Stabia,59750.0,Italian Serie B,https://cdn.sofifa.net/teams/112124/60.png
Catania,357000.0,Italian Serie B,https://cdn.sofifa.net/teams/110364/60.png
Ceará Sporting Club,734000.0,Campeonato Brasileiro Série A,https://cdn.sofifa.net/teams/111059/60.png
Celtic,6919000.0,Scottish Premiership,https://cdn.sofifa.net/teams/78/60.png
Central Coast Mariners,282550.0,Australian Hyundai A-League,https://cdn.sofifa.net/teams/111396/60.png
Centro Atlético Fénix,35200.0,Uruguayan Primera División,https://cdn.sofifa.net/teams/111002/60.png
Centro Sportivo Alagoano,161000.0,Campeonato Brasileiro Série A,https://cdn.sofifa.net/teams/113677/60.png
Cerezo Osaka,556550.0,Japanese J. League Division 1,https://cdn.sofifa.net/teams/101148/60.png
Cerro Largo Fútbol Club,20000.0,Uruguayan Primera División,https://cdn.sofifa.net/teams/115536/60.png
Cesena,615500.0,Italian Serie B,https://cdn.sofifa.net/teams/110915/60.png
Chacarita Juniors,84000.0,Argentina Primera División,https://cdn.sofifa.net/teams/110405/60.png
Chamois Niortais Football Club,523900.0,French Ligue 2,https://cdn.sofifa.net/teams/1813/60.png
Changchun Yatai FC,270500.0,Chinese Super League,https://cdn.sofifa.net/teams/111769/60.png
Charlton Athletic,1234500.0,English League One,https://cdn.sofifa.net/teams/89/60.png
Chelsea,27095000.0,English Premier League,https://cdn.sofifa.net/teams/5/60.png
Cheltenham Town,442300.0,English League One,https://cdn.sofifa.net/teams/1936/60.png
Chemnitzer FC,26050.0,German 3. Bundesliga,https://cdn.sofifa.net/teams/507/60.png
Chennaiyin FC,31200.0,Indian Super League,https://cdn.sofifa.net/teams/113297/60.png
Chesterfield,277500.0,English League Two,https://cdn.sofifa.net/teams/1924/60.png
Chicago Fire Football Club,949100.0,USA Major League Soccer,https://cdn.sofifa.net/teams/693/60.png
Chievo Verona,2459400.0,Italian Serie B,https://cdn.sofifa.net/teams/192/60.png
Chivas USA,156000.0,USA Major League Soccer,https://cdn.sofifa.net/teams/111070/60.png
Chongqing Liangjiang Athletic,343450.0,Chinese Super League,https://cdn.sofifa.net/teams/112165/60.png
Cittadella,234850.0,Italian Serie B,https://cdn.sofifa.net/teams/111993/60.png
Clermont Foot 63,963850.0,French Ligue 1,https://cdn.sofifa.net/teams/1815/60.png
Club Alianza Lima,14650.0,Peruvian Primera División,https://cdn.sofifa.net/teams/111010/60.png
Club Always Ready,42000.0,Liga de Fútbol Profesional Boliviano,https://cdn.sofifa.net/teams/114577/60.png
Club América,6259000.0,Mexican Liga MX,https://cdn.sofifa.net/teams/1879/60.png
Club Athletico Paranaense,1297000.0,Campeonato Brasileiro Série A,https://cdn.sofifa.net/teams/1039/60.png
Club Atlas,2046500.0,Mexican Liga MX,https://cdn.sofifa.net/teams/101114/60.png
Club Atlético Aldosivi,816250.0,Argentina Primera División,https://cdn.sofifa.net/teams/111707/60.png
Club Atlético Banfield,1564000.0,Argentina Primera División,https://cdn.sofifa.net/teams/110404/60.png
Club Atlético Central Córdoba,463000.0,Argentina Primera División,https://cdn.sofifa.net/teams/112965/60.png
Club Atlético Colón,1307950.0,Argentina Primera División,https://cdn.sofifa.net/teams/110406/60.png
Club Atlético Grau,12500.0,Peruvian Primera División,https://cdn.sofifa.net/teams/114598/60.png
Club Atlético Huracán,1332800.0,Argentina Primera División,https://cdn.sofifa.net/teams/111711/60.png
Club Atlético Independiente,3481050.0,Argentina Primera División,https://cdn.sofifa.net/teams/110093/60.png
Club Atlético Lanús,2381100.0,Argentina Primera División,https://cdn.sofifa.net/teams/110395/60.png
Club Atlético Nacional Potosí,38000.0,Liga de Fútbol Profesional Boliviano,https://cdn.sofifa.net/teams/112667/60.png
Club Atlético Palmaflor,26000.0,Liga de Fútbol Profesional Boliviano,https://cdn.sofifa.net/teams/115358/60.png
Club Atlético Peñarol,46600.0,Uruguayan Primera División,https://cdn.sofifa.net/teams/101110/60.png
Club Atlético Rentistas,26100.0,Uruguayan Primera División,https://cdn.sofifa.net/teams/115535/60.png
Club Atlético River Plate,15000.0,Uruguayan Primera División,https://cdn.sofifa.net/teams/112184/60.png
Club Atlético Sarmiento,407400.0,Argentina Primera División,https://cdn.sofifa.net/teams/112713/60.png
Club Atlético Talleres,1031900.0,Argentina Primera División,https://cdn.sofifa.net/teams/112670/60.png
Club Atlético Temperley,249000.0,Argentina Primera División,https://cdn.sofifa.net/teams/112904/60.png
Club Atlético Tigre,1153000.0,Argentina Primera División,https://cdn.sofifa.net/teams/111715/60.png
Club Atlético de San Luis,720500.0,Mexican Liga MX,https://cdn.sofifa.net/teams/112678/60.png
Club Bolívar,47450.0,Liga de Fútbol Profesional Boliviano,https://cdn.sofifa.net/teams/110968/60.png
Club Brugge KV,4608550.0,Belgian Jupiler Pro League,https://cdn.sofifa.net/teams/231/60.png
Club Cerro Porteño,28800.0,Paraguayan Primera División,https://cdn.sofifa.net/teams/112716/60.png
Club Deportes Temuco,122500.0,Chilian Campeonato Nacional,https://cdn.sofifa.net/teams/112709/60.png
Club Deportes Tolima,635800.0,Colombian Liga Postobón,https://cdn.sofifa.net/teams/111722/60.png
Club Deportivo El Nacional,14150.0,Ecuadorian Serie A,https://cdn.sofifa.net/teams/111331/60.png
Club Deportivo Guabirá,26000.0,Liga de Fútbol Profesional Boliviano,https://cdn.sofifa.net/teams/114600/60.png
Club Deportivo Guadalajara,4290000.0,Mexican Liga MX,https://cdn.sofifa.net/teams/1880/60.png
Club Deportivo Jorge Wilstermann,46800.0,Liga de Fútbol Profesional Boliviano,https://cdn.sofifa.net/teams/110974/60.png
Club Deportivo Oriente Petrolero,14000.0,Liga de Fútbol Profesional Boliviano,https://cdn.sofifa.net/teams/110970/60.png
Club Deportivo Palestino,588650.0,Chilian Campeonato Nacional,https://cdn.sofifa.net/teams/111328/60.png
Club Guaraní,15350.0,Paraguayan Primera División,https://cdn.sofifa.net/teams/111329/60.png
Club Independiente Santa Fe,1164550.0,Colombian Liga Postobón,https://cdn.sofifa.net/teams/101104/60.png
Club León,3519000.0,Mexican Liga MX,https://cdn.sofifa.net/teams/110781/60.png
Club Libertad,61150.0,Paraguayan Primera División,https://cdn.sofifa.net/teams/111008/60.png
Club Nacional,38600.0,Paraguayan Primera División,https://cdn.sofifa.net/teams/112671/60.png
Club Nacional de Football,48500.0,Uruguayan Primera División,https://cdn.sofifa.net/teams/111325/60.png
Club Necaxa,1198850.0,Mexican Liga MX,https://cdn.sofifa.net/teams/101121/60.png
Club Olimpia,62200.0,Paraguayan Primera División,https://cdn.sofifa.net/teams/101108/60.png
Club Olimpo,414000.0,Argentina Primera División,https://cdn.sofifa.net/teams/110398/60.png
Club Plaza de Deportes Colonia,14500.0,Uruguayan Primera División,https://cdn.sofifa.net/teams/114024/60.png
Club River Plate Asunción,34650.0,Paraguayan Primera División,https://cdn.sofifa.net/teams/114575/60.png
Club Social y Deportivo Macará,21000.0,Ecuadorian Serie A,https://cdn.sofifa.net/teams/114578/60.png
"Club Social, Cultural y Deportivo de Blooming",15000.0,Liga de Fútbol Profesional Boliviano,https://cdn.sofifa.net/teams/110967/60.png
Club Sol de América,15000.0,Paraguayan Primera División,https://cdn.sofifa.net/teams/112080/60.png
Club Sporting Cristal,27800.0,Peruvian Primera División,https://cdn.sofifa.net/teams/111013/60.png
Club Sportivo Luqueño,15000.0,Paraguayan Primera División,https://cdn.sofifa.net/teams/111006/60.png
Club The Strongest,26000.0,Liga de Fútbol Profesional Boliviano,https://cdn.sofifa.net/teams/110969/60.png
Club Tijuana,2328450.0,Mexican Liga MX,https://cdn.sofifa.net/teams/111678/60.png
Club Universidad Nacional,2036300.0,Mexican Liga MX,https://cdn.sofifa.net/teams/1881/60.png
Club Universitario de Deportes,30800.0,Peruvian Primera División,https://cdn.sofifa.net/teams/111014/60.png
Club Unión Magdalena S.A,18800.0,Colombian Liga Postobón,https://cdn.sofifa.net/teams/112715/60.png
Club de Deportes Cobresal,356900.0,Chilian Campeonato Nacional,https://cdn.sofifa.net/teams/110978/60.png
Club de Foot Montréal,1191250.0,USA Major League Soccer,https://cdn.sofifa.net/teams/111139/60.png
Club de Regatas Vasco da Gama,180500.0,Campeonato Brasileiro Série A,https://cdn.sofifa.net/teams/569/60.png
Clube Atlético Mineiro,3275000.0,Campeonato Brasileiro Série A,https://cdn.sofifa.net/teams/1035/60.png
Clube Sport Marítimo,1689200.0,Portuguese Liga ZON SAGRES,https://cdn.sofifa.net/teams/1893/60.png
Colchester United,707200.0,English League Two,https://cdn.sofifa.net/teams/1935/60.png
Colo-Colo,1897300.0,Chilian Campeonato Nacional,https://cdn.sofifa.net/teams/110980/60.png
Colorado Rapids,956400.0,USA Major League Soccer,https://cdn.sofifa.net/teams/694/60.png
Columbus Crew,1467200.0,USA Major League Soccer,https://cdn.sofifa.net/teams/687/60.png
Como,63000.0,Italian Serie B,https://cdn.sofifa.net/teams/1745/60.png
Coquimbo Unido,63350.0,Chilian Campeonato Nacional,https://cdn.sofifa.net/teams/112705/60.png
Coritiba,803000.0,Campeonato Brasileiro Série A,https://cdn.sofifa.net/teams/111044/60.png
Cork City,239150.0,Rep. Ireland Airtricity League,https://cdn.sofifa.net/teams/422/60.png
Cortuluá,112000.0,Colombian Liga Postobón,https://cdn.sofifa.net/teams/112934/60.png
Cosenza,78550.0,Italian Serie B,https://cdn.sofifa.net/teams/112168/60.png
Coventry City,1345050.0,English League Championship,https://cdn.sofifa.net/teams/1800/60.png
Cracovia,626150.0,Polish T-Mobile Ekstraklasa,https://cdn.sofifa.net/teams/110747/60.png
Crawley Town,486100.0,English League Two,https://cdn.sofifa.net/teams/110890/60.png
Crewe Alexandra,585250.0,English League One,https://cdn.sofifa.net/teams/121/60.png
Criciúma,11000.0,Campeonato Brasileiro Série B,https://cdn.sofifa.net/teams/111046/60.png
Crotone,1094000.0,Italian Serie B,https://cdn.sofifa.net/teams/110734/60.png
Crucero del Norte,64000.0,Argentina Primera División,https://cdn.sofifa.net/teams/112909/60.png
Cruz Azul,5435500.0,Mexican Liga MX,https://cdn.sofifa.net/teams/1878/60.png
Cruzeiro,1511000.0,Campeonato Brasileiro Série A,https://cdn.sofifa.net/teams/568/60.png
Crystal Palace,9761000.0,English Premier League,https://cdn.sofifa.net/teams/1799/60.png
Cuiabá,310000.0,Campeonato Brasileiro Série A,https://cdn.sofifa.net/teams/115530/60.png
Cultural Leonesa,109000.0,Spanish Segunda División,https://cdn.sofifa.net/teams/15012/60.png
Curicó Unido,120900.0,Chilian Campeonato Nacional,https://cdn.sofifa.net/teams/112655/60.png
Cusco Fútbol Club,12000.0,Peruvian Primera División,https://cdn.sofifa.net/teams/112659/60.png
Cádiz CF,2253500.0,Spain Primera Division,https://cdn.sofifa.net/teams/1968/60.png
Córdoba CF,1157500.0,Spanish Segunda División,https://cdn.sofifa.net/teams/1867/60.png
Cúcuta Deportivo,125350.0,Colombian Liga Postobón,https://cdn.sofifa.net/teams/111721/60.png
D.C. United,1396000.0,USA Major League Soccer,https://cdn.sofifa.net/teams/688/60.png
DSC Arminia Bielefeld,1703500.0,German 1. Bundesliga,https://cdn.sofifa.net/teams/159/60.png
Daegu FC,333800.0,Korean K League 1,https://cdn.sofifa.net/teams/2056/60.png
Daejeon Citizen,102000.0,Korean K League 1,https://cdn.sofifa.net/teams/980/60.png
Dagenham and Redbridge,97000.0,English League Two,https://cdn.sofifa.net/teams/373/60.png
Dalian Professional Football Club,608350.0,Chinese Super League,https://cdn.sofifa.net/teams/112378/60.png
Dalkurd FF,26500.0,Swedish Allsvenskan,https://cdn.sofifa.net/teams/113876/60.png
Damac FC,608000.0,Saudi Abdul L. Jameel League,https://cdn.sofifa.net/teams/113217/60.png
De Graafschap,201000.0,Holland Eredivisie,https://cdn.sofifa.net/teams/635/60.png
Defensa y Justicia,1401750.0,Argentina Primera División,https://cdn.sofifa.net/teams/111710/60.png
Degerfors IF,59200.0,Swedish Allsvenskan,https://cdn.sofifa.net/teams/113892/60.png
Delfín Sporting Club,15000.0,Ecuadorian Serie A,https://cdn.sofifa.net/teams/114580/60.png
Demir Grup Sivasspor,2083500.0,Turkish Süper Lig,https://cdn.sofifa.net/teams/101041/60.png
Denizlispor,479000.0,Turkish Süper Lig,https://cdn.sofifa.net/teams/1457/60.png
Deportes Iquique,407050.0,Chilian Campeonato Nacional,https://cdn.sofifa.net/teams/112531/60.png
Deportivo Alavés,3561000.0,Spain Primera Division,https://cdn.sofifa.net/teams/463/60.png
Deportivo Binacional,14350.0,Peruvian Primera División,https://cdn.sofifa.net/teams/114582/60.png
Deportivo Cali,1073650.0,Colombian Liga Postobón,https://cdn.sofifa.net/teams/101102/60.png
Deportivo La Guaira FC,28300.0,Venezuelan Primera División,https://cdn.sofifa.net/teams/112853/60.png
Deportivo Pasto,426650.0,Colombian Liga Postobón,https://cdn.sofifa.net/teams/111723/60.png
Deportivo San Marcos de Arica,267000.0,Chilian Campeonato Nacional,https://cdn.sofifa.net/teams/112586/60.png
Deportivo Toluca,2905000.0,Mexican Liga MX,https://cdn.sofifa.net/teams/1882/60.png
Deportivo Táchira FC,27000.0,Venezuelan Primera División,https://cdn.sofifa.net/teams/110990/60.png
Deportivo de La Coruña,3325000.0,Spanish Segunda División,https://cdn.sofifa.net/teams/242/60.png
Deportivo Ñublense,135000.0,Chilian Campeonato Nacional,https://cdn.sofifa.net/teams/112585/60.png
Derby County,4037050.0,English League Championship,https://cdn.sofifa.net/teams/91/60.png
Derry City,215900.0,Rep. Ireland Airtricity League,https://cdn.sofifa.net/teams/445/60.png
Desportivo das Aves,529000.0,Portuguese Liga ZON SAGRES,https://cdn.sofifa.net/teams/666/60.png
Dijon FCO,1633300.0,French Ligue 2,https://cdn.sofifa.net/teams/110569/60.png
Dinamo Moscow,2328000.0,Russian Premier League,https://cdn.sofifa.net/teams/312/60.png
Dinamo Zagreb,90500.0,Croatian Prva HNL,https://cdn.sofifa.net/teams/211/60.png
Djurgårdens IF,727100.0,Swedish Allsvenskan,https://cdn.sofifa.net/teams/710/60.png
Doncaster Rovers,773950.0,English League One,https://cdn.sofifa.net/teams/142/60.png
Dorados de Sinaloa,57000.0,Mexican Liga MX,https://cdn.sofifa.net/teams/111032/60.png
Drogheda United,150700.0,Rep. Ireland Airtricity League,https://cdn.sofifa.net/teams/1572/60.png
Dundalk FC,295500.0,Rep. Ireland Airtricity League,https://cdn.sofifa.net/teams/837/60.png
Dundee FC,483200.0,Scottish Premiership,https://cdn.sofifa.net/teams/180/60.png
Dundee United,406200.0,Scottish Premiership,https://cdn.sofifa.net/teams/181/60.png
Dynamo Kyiv,114200.0,Ukrainian Premier League,https://cdn.sofifa.net/teams/101047/60.png
ESTAC Troyes,2052250.0,French Ligue 1,https://cdn.sofifa.net/teams/294/60.png
Eintracht Braunschweig,1397300.0,German 3. Bundesliga,https://cdn.sofifa.net/teams/110500/60.png
Eintracht Frankfurt,6229400.0,German 1. Bundesliga,https://cdn.sofifa.net/teams/1824/60.png
Elche CF,2144400.0,Spain Primera Division,https://cdn.sofifa.net/teams/468/60.png
Empoli,2342050.0,Italian Serie A,https://cdn.sofifa.net/teams/1746/60.png
En Avant de Guingamp,2549050.0,French Ligue 2,https://cdn.sofifa.net/teams/62/60.png
Envigado FC,318950.0,Colombian Liga Postobón,https://cdn.sofifa.net/teams/112526/60.png
Esbjerg fB,493150.0,Danish Superliga,https://cdn.sofifa.net/teams/1445/60.png
Eskişehirspor,639000.0,Turkish Süper Lig,https://cdn.sofifa.net/teams/111988/60.png
Estoril Praia,1368200.0,Portuguese Liga ZON SAGRES,https://cdn.sofifa.net/teams/10020/60.png
Estudiantes de La Plata,2150700.0,Argentina Primera División,https://cdn.sofifa.net/teams/101083/60.png
Estudiantes de Mérida,14500.0,Venezuelan Primera División,https://cdn.sofifa.net/teams/111332/60.png
Ettifaq FC,1321000.0,Saudi Abdul L. Jameel League,https://cdn.sofifa.net/teams/112096/60.png
Everton,16449000.0,English Premier League,https://cdn.sofifa.net/teams/7/60.png
Excelsior,435000.0,Holland Eredivisie,https://cdn.sofifa.net/teams/1971/60.png
Exeter City,577800.0,English League Two,https://cdn.sofifa.net/teams/143/60.png
Extremadura UD,161550.0,Spanish Segunda División,https://cdn.sofifa.net/teams/469/60.png
F.C. Hansa Rostock,310850.0,German 2. Bundesliga,https://cdn.sofifa.net/teams/27/60.png
F.C. København,2928800.0,Danish Superliga,https://cdn.sofifa.net/teams/819/60.png
FBC Melgar,41000.0,Peruvian Primera División,https://cdn.sofifa.net/teams/111334/60.png
FC Aarau,92000.0,Swiss Super League,https://cdn.sofifa.net/teams/434/60.png
FC Academica Clinceni,132700.0,Romanian Liga I,https://cdn.sofifa.net/teams/113391/60.png
FC Anzhi Makhachkala,1016000.0,Russian Premier League,https://cdn.sofifa.net/teams/100766/60.png
FC Arouca,813600.0,Portuguese Liga ZON SAGRES,https://cdn.sofifa.net/teams/112513/60.png
FC Augsburg,4757000.0,German 1. Bundesliga,https://cdn.sofifa.net/teams/100409/60.png
FC Barcelona,37923000.0,Spain Primera Division,https://cdn.sofifa.net/teams/241/60.png
FC Barcelona B,154500.0,Spanish Segunda División,https://cdn.sofifa.net/teams/110704/60.png
FC Basel 1893,3691350.0,Swiss Super League,https://cdn.sofifa.net/teams/896/60.png
FC Bayern München,23920000.0,German 1. Bundesliga,https://cdn.sofifa.net/teams/21/60.png
FC Bayern München II,61600.0,German 3. Bundesliga,https://cdn.sofifa.net/teams/110679/60.png
FC Botoşani,274600.0,Romanian Liga I,https://cdn.sofifa.net/teams/110752/60.png
FC Carl Zeiss Jena,58950.0,German 3. Bundesliga,https://cdn.sofifa.net/teams/110591/60.png
FC Cartagena,278700.0,Spanish Segunda División,https://cdn.sofifa.net/teams/100851/60.png
FC Chambly Oise,77600.0,French Ligue 2,https://cdn.sofifa.net/teams/112627/60.png
FC Cincinnati,361400.0,USA Major League Soccer,https://cdn.sofifa.net/teams/113149/60.png
FC Dallas,1047600.0,USA Major League Soccer,https://cdn.sofifa.net/teams/695/60.png
FC Dinamo 1948 Bucureşti,201150.0,Romanian Liga I,https://cdn.sofifa.net/teams/100757/60.png
FC Dordrecht,48000.0,Holland Eredivisie,https://cdn.sofifa.net/teams/100626/60.png
FC Emmen,197200.0,Holland Eredivisie,https://cdn.sofifa.net/teams/100628/60.png
FC Energie Cottbus,19500.0,German 3. Bundesliga,https://cdn.sofifa.net/teams/162/60.png
FC Erzgebirge Aue,743700.0,German 2. Bundesliga,https://cdn.sofifa.net/teams/506/60.png
FC Farul Constanța,130900.0,Romanian Liga I,https://cdn.sofifa.net/teams/110075/60.png
FC Flyeralarm Admira,621350.0,Austrian Football Bundesliga,https://cdn.sofifa.net/teams/111821/60.png
FC Girondins de Bordeaux,5900700.0,French Ligue 1,https://cdn.sofifa.net/teams/59/60.png
FC Goa,30500.0,Indian Super League,https://cdn.sofifa.net/teams/113298/60.png
FC Groningen,1304500.0,Holland Eredivisie,https://cdn.sofifa.net/teams/1915/60.png
FC Helsingør,48500.0,Danish Superliga,https://cdn.sofifa.net/teams/113720/60.png
FC Ingolstadt 04,2206850.0,German 2. Bundesliga,https://cdn.sofifa.net/teams/111239/60.png
FC Krasnodar,3370000.0,Russian Premier League,https://cdn.sofifa.net/teams/112218/60.png
FC Lausanne-Sport,463300.0,Swiss Super League,https://cdn.sofifa.net/teams/1862/60.png
FC Lokomotiv Moscow,6295900.0,Russian Premier League,https://cdn.sofifa.net/teams/100765/60.png
FC Lorient,2420000.0,French Ligue 1,https://cdn.sofifa.net/teams/217/60.png
FC Lugano,540950.0,Swiss Super League,https://cdn.sofifa.net/teams/10032/60.png
FC Luzern,1102200.0,Swiss Super League,https://cdn.sofifa.net/teams/897/60.png
FC Metz,2294900.0,French Ligue 1,https://cdn.sofifa.net/teams/68/60.png
FC Midtjylland,2687850.0,Danish Superliga,https://cdn.sofifa.net/teams/1516/60.png
FC Mordovia Saransk,162000.0,Russian Premier League,https://cdn.sofifa.net/teams/110106/60.png
FC Nantes,3905000.0,French Ligue 1,https://cdn.sofifa.net/teams/71/60.png
FC Nordsjælland,753350.0,Danish Superliga,https://cdn.sofifa.net/teams/1788/60.png
FC Orenburg,312000.0,Russian Premier League,https://cdn.sofifa.net/teams/112261/60.png
FC Paços de Ferreira,1411500.0,Portuguese Liga ZON SAGRES,https://cdn.sofifa.net/teams/1892/60.png
FC Penafiel,157000.0,Portuguese Liga ZON SAGRES,https://cdn.sofifa.net/teams/100741/60.png
FC Porto,6313500.0,Portuguese Liga ZON SAGRES,https://cdn.sofifa.net/teams/236/60.png
FC Pro Vercelli 1892,221000.0,Italian Serie B,https://cdn.sofifa.net/teams/112398/60.png
FC Red Bull Salzburg,3712100.0,Austrian Football Bundesliga,https://cdn.sofifa.net/teams/191/60.png
FC Rostov,1371000.0,Russian Premier League,https://cdn.sofifa.net/teams/110231/60.png
FC Rot-Weiß Erfurt,13000.0,German 3. Bundesliga,https://cdn.sofifa.net/teams/100424/60.png
FC Schalke 04,7645100.0,German 2. Bundesliga,https://cdn.sofifa.net/teams/34/60.png
FC Seoul,1258400.0,Korean K League 1,https://cdn.sofifa.net/teams/982/60.png
FC Sion,1924600.0,Swiss Super League,https://cdn.sofifa.net/teams/110770/60.png
FC Sochaux-Montbéliard,851200.0,French Ligue 2,https://cdn.sofifa.net/teams/226/60.png
FC St. Gallen 1879,970500.0,Swiss Super League,https://cdn.sofifa.net/teams/898/60.png
FC St. Pauli,1806500.0,German 2. Bundesliga,https://cdn.sofifa.net/teams/110329/60.png
FC Thun,545650.0,Swiss Super League,https://cdn.sofifa.net/teams/1715/60.png
FC Tokyo,753650.0,Japanese J. League Division 1,https://cdn.sofifa.net/teams/101150/60.png
FC Tom Tomsk,363000.0,Russian Premier League,https://cdn.sofifa.net/teams/110233/60.png
FC Tosno,218000.0,Russian Premier League,https://cdn.sofifa.net/teams/113704/60.png
FC Twente,1511950.0,Holland Eredivisie,https://cdn.sofifa.net/teams/1908/60.png
FC U Craiova 1948,114000.0,Romanian Liga I,https://cdn.sofifa.net/teams/115716/60.png
FC Ufa,775000.0,Russian Premier League,https://cdn.sofifa.net/teams/110822/60.png
FC Ural Yekaterinburg,1107000.0,Russian Premier League,https://cdn.sofifa.net/teams/111264/60.png
FC Utrecht,2109900.0,Holland Eredivisie,https://cdn.sofifa.net/teams/1903/60.png
FC Vaduz,209550.0,Swiss Super League,https://cdn.sofifa.net/teams/286/60.png
FC Vestsjælland,96000.0,Danish Superliga,https://cdn.sofifa.net/teams/112424/60.png
FC Viitorul Constanța,145250.0,Romanian Liga I,https://cdn.sofifa.net/teams/113180/60.png
FC Viktoria 1889 Berlin,44500.0,German 3. Bundesliga,https://cdn.sofifa.net/teams/115820/60.png
FC Viktoria Plzeň,90200.0,Czech Republic Gambrinus Liga,https://cdn.sofifa.net/teams/110468/60.png
FC Vizela,130800.0,Portuguese Liga ZON SAGRES,https://cdn.sofifa.net/teams/111539/60.png
FC Voluntari,159750.0,Romanian Liga I,https://cdn.sofifa.net/teams/113182/60.png
FC Wacker Innsbruck,80000.0,Austrian Football Bundesliga,https://cdn.sofifa.net/teams/2045/60.png
FC Würzburger Kickers,402600.0,German 3. Bundesliga,https://cdn.sofifa.net/teams/110197/60.png
FC Zürich,1397550.0,Swiss Super League,https://cdn.sofifa.net/teams/894/60.png
FCSB (Steaua),666700.0,Romanian Liga I,https://cdn.sofifa.net/teams/100761/60.png
FK Austria Wien,1607150.0,Austrian Football Bundesliga,https://cdn.sofifa.net/teams/256/60.png
FK Bodø/Glimt,439500.0,Norwegian Eliteserien,https://cdn.sofifa.net/teams/918/60.png
FK Haugesund,431050.0,Norwegian Eliteserien,https://cdn.sofifa.net/teams/1463/60.png
FSV Frankfurt,335000.0,German 2. Bundesliga,https://cdn.sofifa.net/teams/110596/60.png
FSV Zwickau,110950.0,German 3. Bundesliga,https://cdn.sofifa.net/teams/110592/60.png
Falkenbergs FF,222800.0,Swedish Allsvenskan,https://cdn.sofifa.net/teams/112169/60.png
Fatih Karagümrük S.K.,633050.0,Turkish Süper Lig,https://cdn.sofifa.net/teams/111117/60.png
Fenerbahçe SK,11137000.0,Turkish Süper Lig,https://cdn.sofifa.net/teams/326/60.png
Ferencvárosi TC,34600.0,Hungarian Nemzeti Bajnokság I,https://cdn.sofifa.net/teams/1874/60.png
Feyenoord,3775350.0,Holland Eredivisie,https://cdn.sofifa.net/teams/246/60.png
Figueirense,168000.0,Campeonato Brasileiro Série A,https://cdn.sofifa.net/teams/111045/60.png
Finn Harps,75500.0,Rep. Ireland Airtricity League,https://cdn.sofifa.net/teams/111131/60.png
Fiorentina,10106550.0,Italian Serie A,https://cdn.sofifa.net/teams/110374/60.png
Flamengo,1826000.0,Campeonato Brasileiro Série A,https://cdn.sofifa.net/teams/1043/60.png
Fleetwood Town,591200.0,English League One,https://cdn.sofifa.net/teams/112260/60.png
Fluminense,2477000.0,Campeonato Brasileiro Série A,https://cdn.sofifa.net/teams/567/60.png
Foggia,109500.0,Italian Serie B,https://cdn.sofifa.net/teams/110911/60.png
Football Bourg En Bresse Peronnas 01,162000.0,French Ligue 2,https://cdn.sofifa.net/teams/110576/60.png
Forest Green Rovers,462150.0,English League Two,https://cdn.sofifa.net/teams/561/60.png
Fortaleza,542000.0,Campeonato Brasileiro Série A,https://cdn.sofifa.net/teams/111052/60.png
Fortaleza CEIF,71500.0,Colombian Liga Postobón,https://cdn.sofifa.net/teams/112834/60.png
Fortuna Düsseldorf,3121300.0,German 2. Bundesliga,https://cdn.sofifa.net/teams/110636/60.png
Fortuna Sittard,444000.0,Holland Eredivisie,https://cdn.sofifa.net/teams/634/60.png
Frosinone,910950.0,Italian Serie B,https://cdn.sofifa.net/teams/111657/60.png
Fulham,7163550.0,English League Championship,https://cdn.sofifa.net/teams/144/60.png
Futebol Clube de Famalicão,541700.0,Portuguese Liga ZON SAGRES,https://cdn.sofifa.net/teams/112809/60.png
Fútbol Club Juárez,779450.0,Mexican Liga MX,https://cdn.sofifa.net/teams/113134/60.png
GD Chaves,448000.0,Portuguese Liga ZON SAGRES,https://cdn.sofifa.net/teams/518/60.png
GFC Ajaccio,510000.0,French Ligue 2,https://cdn.sofifa.net/teams/110316/60.png
GIF Sundsvall,201200.0,Swedish Allsvenskan,https://cdn.sofifa.net/teams/1596/60.png
GKS Bełchatów,93000.0,Polish T-Mobile Ekstraklasa,https://cdn.sofifa.net/teams/110744/60.png
GZT Giresunspor,310000.0,Turkish Süper Lig,https://cdn.sofifa.net/teams/112120/60.png
Galatasaray SK,10300000.0,Turkish Süper Lig,https://cdn.sofifa.net/teams/325/60.png
Gallos Blancos de Querétaro,1590000.0,Mexican Liga MX,https://cdn.sofifa.net/teams/110150/60.png
Galway United,78000.0,Rep. Ireland Airtricity League,https://cdn.sofifa.net/teams/1571/60.png
Gamba Osaka,889900.0,Japanese J. League Division 1,https://cdn.sofifa.net/teams/112093/60.png
Gangwon FC,348750.0,Korean K League 1,https://cdn.sofifa.net/teams/112115/60.png
Gaz Metan Mediaş,241200.0,Romanian Liga I,https://cdn.sofifa.net/teams/112637/60.png
Gaziantepspor,675000.0,Turkish Süper Lig,https://cdn.sofifa.net/teams/101024/60.png
Gazişehir Gaziantep F.K.,814650.0,Turkish Süper Lig,https://cdn.sofifa.net/teams/110776/60.png
Gefle IF,195500.0,Swedish Allsvenskan,https://cdn.sofifa.net/teams/111277/60.png
Genoa,5263550.0,Italian Serie A,https://cdn.sofifa.net/teams/110556/60.png
Gençlerbirliği SK,1375000.0,Turkish Süper Lig,https://cdn.sofifa.net/teams/101025/60.png
Getafe CF,4866600.0,Spain Primera Division,https://cdn.sofifa.net/teams/1860/60.png
Gil Vicente FC,617400.0,Portuguese Liga ZON SAGRES,https://cdn.sofifa.net/teams/1888/60.png
Gillingham,551400.0,English League One,https://cdn.sofifa.net/teams/1802/60.png
Gimnasia y Esgrima La Plata,1482500.0,Argentina Primera División,https://cdn.sofifa.net/teams/101084/60.png
Gimnàstic de Tarragona,522000.0,Spanish Segunda División,https://cdn.sofifa.net/teams/15019/60.png
Girona FC,2340300.0,Spanish Segunda División,https://cdn.sofifa.net/teams/110062/60.png
Go Ahead Eagles,401000.0,Holland Eredivisie,https://cdn.sofifa.net/teams/100632/60.png
Godoy Cruz,1215350.0,Argentina Primera División,https://cdn.sofifa.net/teams/111706/60.png
Goiás,310500.0,Campeonato Brasileiro Série A,https://cdn.sofifa.net/teams/111042/60.png
Granada CF,3903000.0,Spain Primera Division,https://cdn.sofifa.net/teams/110832/60.png
Grasshopper Club Zürich,1103500.0,Swiss Super League,https://cdn.sofifa.net/teams/322/60.png
Grenoble Foot 38,278750.0,French Ligue 2,https://cdn.sofifa.net/teams/1805/60.png
Grimsby Town,290800.0,English League Two,https://cdn.sofifa.net/teams/92/60.png
Grêmio,2645000.0,Campeonato Brasileiro Série A,https://cdn.sofifa.net/teams/1629/60.png
Guaireña FC,24000.0,Paraguayan Primera División,https://cdn.sofifa.net/teams/114688/60.png
Guangzhou City,606500.0,Chinese Super League,https://cdn.sofifa.net/teams/112429/60.png
Guangzhou FC,1339850.0,Chinese Super League,https://cdn.sofifa.net/teams/111839/60.png
Guayaquil City FC,23000.0,Ecuadorian Serie A,https://cdn.sofifa.net/teams/113723/60.png
Guizhou Zhicheng FC,130000.0,Chinese Super League,https://cdn.sofifa.net/teams/112977/60.png
GwangJu FC,294150.0,Korean K League 1,https://cdn.sofifa.net/teams/112258/60.png
Gyeongnam FC,210100.0,Korean K League 1,https://cdn.sofifa.net/teams/111588/60.png
Górnik Zabrze,489400.0,Polish T-Mobile Ekstraklasa,https://cdn.sofifa.net/teams/420/60.png
Górnik Łęczna,253600.0,Polish T-Mobile Ekstraklasa,https://cdn.sofifa.net/teams/110565/60.png
Göztepe SK,1432200.0,Turkish Süper Lig,https://cdn.sofifa.net/teams/101026/60.png
HJK Helsinki,95550.0,Finnish Veikkausliiga,https://cdn.sofifa.net/teams/100325/60.png
Hajduk Split,31600.0,Croatian Prva HNL,https://cdn.sofifa.net/teams/263/60.png
Hajer,166000.0,Saudi Abdul L. Jameel League,https://cdn.sofifa.net/teams/112394/60.png
Hallescher FC,181950.0,German 3. Bundesliga,https://cdn.sofifa.net/teams/110482/60.png
Halmstads BK,227700.0,Swedish Allsvenskan,https://cdn.sofifa.net/teams/321/60.png
Hamburger SV,4141550.0,German 2. Bundesliga,https://cdn.sofifa.net/teams/28/60.png
Hamilton Academical FC,355950.0,Scottish Premiership,https://cdn.sofifa.net/teams/184/60.png
Hammarby IF,495350.0,Swedish Allsvenskan,https://cdn.sofifa.net/teams/708/60.png
Hannover 96,4701000.0,German 2. Bundesliga,https://cdn.sofifa.net/teams/485/60.png
Harrogate Town,128000.0,English League Two,https://cdn.sofifa.net/teams/112222/60.png
Hartlepool United,271800.0,English League Two,https://cdn.sofifa.net/teams/1941/60.png
Heart of Midlothian,600400.0,Scottish Premiership,https://cdn.sofifa.net/teams/80/60.png
Hebei FC,584000.0,Chinese Super League,https://cdn.sofifa.net/teams/112978/60.png
Hellas Verona,3713000.0,Italian Serie A,https://cdn.sofifa.net/teams/206/60.png
Helsingborgs IF,463200.0,Swedish Allsvenskan,https://cdn.sofifa.net/teams/432/60.png
Henan Songshan Longmen FC,566000.0,Chinese Super League,https://cdn.sofifa.net/teams/111779/60.png
Heracles Almelo,1031300.0,Holland Eredivisie,https://cdn.sofifa.net/teams/100634/60.png
Hertha BSC,6511000.0,German 1. Bundesliga,https://cdn.sofifa.net/teams/166/60.png
Hibernian,427300.0,Scottish Premiership,https://cdn.sofifa.net/teams/81/60.png
Hobro IK,391200.0,Danish Superliga,https://cdn.sofifa.net/teams/112425/60.png
Hokkaido Consadole Sapporo,286550.0,Japanese J. League Division 1,https://cdn.sofifa.net/teams/112444/60.png
Holstein Kiel,1161500.0,German 2. Bundesliga,https://cdn.sofifa.net/teams/576/60.png
Houston Dynamo,1062450.0,USA Major League Soccer,https://cdn.sofifa.net/teams/698/60.png
Huddersfield Town,3109400.0,English League Championship,https://cdn.sofifa.net/teams/1939/60.png
Hull City,3085050.0,English League Championship,https://cdn.sofifa.net/teams/1952/60.png
Hyderabad FC,28600.0,Indian Super League,https://cdn.sofifa.net/teams/113301/60.png
IF Brommapojkarna,94500.0,Swedish Allsvenskan,https://cdn.sofifa.net/teams/111705/60.png
IF Elfsborg,721750.0,Swedish Allsvenskan,https://cdn.sofifa.net/teams/700/60.png
IFK Göteborg,957700.0,Swedish Allsvenskan,https://cdn.sofifa.net/teams/319/60.png
IFK Norrköping,647400.0,Swedish Allsvenskan,https://cdn.sofifa.net/teams/702/60.png
IK Sirius,166800.0,Swedish Allsvenskan,https://cdn.sofifa.net/teams/113458/60.png
IK Start,259450.0,Norwegian Eliteserien,https://cdn.sofifa.net/teams/1524/60.png
Incheon United FC,558300.0,Korean K League 1,https://cdn.sofifa.net/teams/110765/60.png
Independiente Medellín,1210950.0,Colombian Liga Postobón,https://cdn.sofifa.net/teams/101103/60.png
Independiente del Valle,44350.0,Ecuadorian Serie A,https://cdn.sofifa.net/teams/112908/60.png
Inter,17609000.0,Italian Serie A,https://cdn.sofifa.net/teams/44/60.png
Inter Miami CF,339150.0,USA Major League Soccer,https://cdn.sofifa.net/teams/112893/60.png
Internacional,2156000.0,Campeonato Brasileiro Série A,https://cdn.sofifa.net/teams/1048/60.png
Inverness Caledonian Thistle,289000.0,Scottish Premiership,https://cdn.sofifa.net/teams/620/60.png
Ipswich Town,1780750.0,English League One,https://cdn.sofifa.net/teams/94/60.png
Itagüí Leones FC,13500.0,Colombian Liga Postobón,https://cdn.sofifa.net/teams/112970/60.png
Jagiellonia Białystok,837650.0,Polish T-Mobile Ekstraklasa,https://cdn.sofifa.net/teams/110745/60.png
Jaguares de Chiapas,560000.0,Mexican Liga MX,https://cdn.sofifa.net/teams/112679/60.png
Jaguares de Córdoba Fútbol Club,132050.0,Colombian Liga Postobón,https://cdn.sofifa.net/teams/112903/60.png
Jamshedpur FC,24500.0,Indian Super League,https://cdn.sofifa.net/teams/114168/60.png
Jeju United FC,675700.0,Korean K League 1,https://cdn.sofifa.net/teams/1478/60.png
Jeonbuk Hyundai Motors,1932800.0,Korean K League 1,https://cdn.sofifa.net/teams/1477/60.png
Jeonnam Dragons,538000.0,Korean K League 1,https://cdn.sofifa.net/teams/1475/60.png
Jiangsu FC,555350.0,Chinese Super League,https://cdn.sofifa.net/teams/112162/60.png
Joinville,14500.0,Campeonato Brasileiro Série B,https://cdn.sofifa.net/teams/111054/60.png
Junior FC,1269000.0,Colombian Liga Postobón,https://cdn.sofifa.net/teams/101101/60.png
Juventude,432000.0,Campeonato Brasileiro Série A,https://cdn.sofifa.net/teams/111041/60.png
Juventus,24342000.0,Italian Serie A,https://cdn.sofifa.net/teams/45/60.png
Jönköpings Södra IF,61500.0,Swedish Allsvenskan,https://cdn.sofifa.net/teams/112130/60.png
Júbilo Iwata,233050.0,Japanese J. League Division 1,https://cdn.sofifa.net/teams/101144/60.png
K Beerschot VA,389500.0,Belgian Jupiler Pro League,https://cdn.sofifa.net/teams/675/60.png
KAA Gent,3317500.0,Belgian Jupiler Pro League,https://cdn.sofifa.net/teams/674/60.png
KAS Eupen,829300.0,Belgian Jupiler Pro League,https://cdn.sofifa.net/teams/2013/60.png
KFC Uerdingen 05,221450.0,German 3. Bundesliga,https://cdn.sofifa.net/teams/167/60.png
KRC Genk,2361150.0,Belgian Jupiler Pro League,https://cdn.sofifa.net/teams/673/60.png
KSV Cercle Brugge,744650.0,Belgian Jupiler Pro League,https://cdn.sofifa.net/teams/1750/60.png
KV Kortrijk,1617100.0,Belgian Jupiler Pro League,https://cdn.sofifa.net/teams/100081/60.png
KV Mechelen,1378500.0,Belgian Jupiler Pro League,https://cdn.sofifa.net/teams/110724/60.png
KV Oostende,1669100.0,Belgian Jupiler Pro League,https://cdn.sofifa.net/teams/682/60.png
KVC Westerlo,461000.0,Belgian Jupiler Pro League,https://cdn.sofifa.net/teams/681/60.png
Kaizer Chiefs,1326900.0,South African Premier Division,https://cdn.sofifa.net/teams/110929/60.png
Kalmar FF,567950.0,Swedish Allsvenskan,https://cdn.sofifa.net/teams/1439/60.png
Kardemir Karabükspor,885000.0,Turkish Süper Lig,https://cdn.sofifa.net/teams/112122/60.png
Karlsruher SC,1198450.0,German 2. Bundesliga,https://cdn.sofifa.net/teams/1832/60.png
Kashima Antlers,816200.0,Japanese J. League Division 1,https://cdn.sofifa.net/teams/101147/60.png
Kashiwa Reysol,666200.0,Japanese J. League Division 1,https://cdn.sofifa.net/teams/101145/60.png
Kasimpaşa SK,1995400.0,Turkish Süper Lig,https://cdn.sofifa.net/teams/111339/60.png
Kawasaki Frontale,941350.0,Japanese J. League Division 1,https://cdn.sofifa.net/teams/111730/60.png
Kayseri Erciyesspor,270000.0,Turkish Süper Lig,https://cdn.sofifa.net/teams/1458/60.png
Kerala Blasters FC,41100.0,Indian Super League,https://cdn.sofifa.net/teams/113299/60.png
Kilmarnock,496100.0,Scottish Premiership,https://cdn.sofifa.net/teams/82/60.png
Korona Kielce,382200.0,Polish T-Mobile Ekstraklasa,https://cdn.sofifa.net/teams/111083/60.png
Kristiansund BK,158900.0,Norwegian Eliteserien,https://cdn.sofifa.net/teams/113459/60.png
Krylya Sovetov Samara,548000.0,Russian Premier League,https://cdn.sofifa.net/teams/100764/60.png
Kuban Krasnodar,874000.0,Russian Premier League,https://cdn.sofifa.net/teams/110089/60.png
LA Galaxy,2103050.0,USA Major League Soccer,https://cdn.sofifa.net/teams/697/60.png
LASK Linz,1151750.0,Austrian Football Bundesliga,https://cdn.sofifa.net/teams/252/60.png
LDU Quito,45650.0,Ecuadorian Serie A,https://cdn.sofifa.net/teams/110986/60.png
LOSC Lille,5822050.0,French Ligue 1,https://cdn.sofifa.net/teams/65/60.png
La Berrichonne de Châteauroux,298800.0,French Ligue 2,https://cdn.sofifa.net/teams/212/60.png
La Equidad,400850.0,Colombian Liga Postobón,https://cdn.sofifa.net/teams/112523/60.png
Latina,322000.0,Italian Serie B,https://cdn.sofifa.net/teams/112487/60.png
Lazio,12474000.0,Italian Serie A,https://cdn.sofifa.net/teams/46/60.png
Le Havre AC,781950.0,French Ligue 2,https://cdn.sofifa.net/teams/1738/60.png
Le Mans FC,42350.0,French Ligue 2,https://cdn.sofifa.net/teams/1739/60.png
Lecce,465700.0,Italian Serie B,https://cdn.sofifa.net/teams/347/60.png
Lech Poznań,1508050.0,Polish T-Mobile Ekstraklasa,https://cdn.sofifa.net/teams/873/60.png
Lechia Gdańsk,900550.0,Polish T-Mobile Ekstraklasa,https://cdn.sofifa.net/teams/111091/60.png
Leeds United,6341100.0,English Premier League,https://cdn.sofifa.net/teams/8/60.png
Legia Warszawa,1791300.0,Polish T-Mobile Ekstraklasa,https://cdn.sofifa.net/teams/1871/60.png
Leicester City,13941000.0,English Premier League,https://cdn.sofifa.net/teams/95/60.png
Leones Negros de la UdeG,129000.0,Mexican Liga MX,https://cdn.sofifa.net/teams/111654/60.png
Levante Unión Deportiva,5171000.0,Spain Primera Division,https://cdn.sofifa.net/teams/1853/60.png
Leyton Orient,538350.0,English League Two,https://cdn.sofifa.net/teams/1958/60.png
Lierse SK,122000.0,Belgian Jupiler Pro League,https://cdn.sofifa.net/teams/239/60.png
Lillestrøm SK,445950.0,Norwegian Eliteserien,https://cdn.sofifa.net/teams/299/60.png
Limerick FC,128500.0,Rep. Ireland Airtricity League,https://cdn.sofifa.net/teams/111285/60.png
Lincoln City,474750.0,English League One,https://cdn.sofifa.net/teams/149/60.png
Liverpool,24418400.0,English Premier League,https://cdn.sofifa.net/teams/9/60.png
Liverpool Fútbol Club,14950.0,Uruguayan Primera División,https://cdn.sofifa.net/teams/111326/60.png
Livingston FC,258000.0,Scottish Premiership,https://cdn.sofifa.net/teams/621/60.png
Livorno,498700.0,Italian Serie B,https://cdn.sofifa.net/teams/1844/60.png
Llaneros de Guanare Escuela de Fútbol,10000.0,Venezuelan Primera División,https://cdn.sofifa.net/teams/114623/60.png
Lobos BUAP,198000.0,Mexican Liga MX,https://cdn.sofifa.net/teams/111035/60.png
Longford Town,93900.0,Rep. Ireland Airtricity League,https://cdn.sofifa.net/teams/1586/60.png
Lorca FC,104000.0,Spanish Segunda División,https://cdn.sofifa.net/teams/2026/60.png
Los Angeles FC,483750.0,USA Major League Soccer,https://cdn.sofifa.net/teams/112996/60.png
Luton Town,1150050.0,English League Championship,https://cdn.sofifa.net/teams/1923/60.png
Lyngby BK,291100.0,Danish Superliga,https://cdn.sofifa.net/teams/15001/60.png
MKE Ankaragücü,676500.0,Turkish Süper Lig,https://cdn.sofifa.net/teams/101007/60.png
MSV Duisburg,484600.0,German 3. Bundesliga,https://cdn.sofifa.net/teams/1825/60.png
Macarthur FC,77700.0,Australian Hyundai A-League,https://cdn.sofifa.net/teams/114604/60.png
Macclesfield Town,91000.0,English League Two,https://cdn.sofifa.net/teams/1959/60.png
Malmö FF,1396550.0,Swedish Allsvenskan,https://cdn.sofifa.net/teams/320/60.png
Manchester City,30879300.0,English Premier League,https://cdn.sofifa.net/teams/10/60.png
Manchester United,27862000.0,English Premier League,https://cdn.sofifa.net/teams/11/60.png
Mansfield Town,813150.0,English League Two,https://cdn.sofifa.net/teams/1940/60.png
Matsumoto Yamaga FC,34700.0,Japanese J. League Division 1,https://cdn.sofifa.net/teams/113158/60.png
Mazatlán Futbol Club,392550.0,Mexican Liga MX,https://cdn.sofifa.net/teams/114899/60.png
Melbourne City FC,884600.0,Australian Hyundai A-League,https://cdn.sofifa.net/teams/112224/60.png
Melbourne Victory,883300.0,Australian Hyundai A-League,https://cdn.sofifa.net/teams/111397/60.png
Mersin İdman Yurdu,537000.0,Turkish Süper Lig,https://cdn.sofifa.net/teams/101036/60.png
Metropolitanos de Caracas FC,27000.0,Venezuelan Primera División,https://cdn.sofifa.net/teams/112914/60.png
Middlesbrough,3712000.0,English League Championship,https://cdn.sofifa.net/teams/12/60.png
Miedź Legnica,40000.0,Polish T-Mobile Ekstraklasa,https://cdn.sofifa.net/teams/112505/60.png
Millonarios FC,1078650.0,Colombian Liga Postobón,https://cdn.sofifa.net/teams/101105/60.png
Millwall,1737050.0,English League Championship,https://cdn.sofifa.net/teams/97/60.png
Milton Keynes Dons,820200.0,English League One,https://cdn.sofifa.net/teams/1798/60.png
Minnesota United FC,598100.0,USA Major League Soccer,https://cdn.sofifa.net/teams/111138/60.png
Mjällby AIF,137550.0,Swedish Allsvenskan,https://cdn.sofifa.net/teams/112072/60.png
Mjøndalen IF,131000.0,Norwegian Eliteserien,https://cdn.sofifa.net/teams/112420/60.png
Modena,299000.0,Italian Serie B,https://cdn.sofifa.net/teams/1744/60.png
Molde FK,1245300.0,Norwegian Eliteserien,https://cdn.sofifa.net/teams/417/60.png
Monarcas Morelia,1187400.0,Mexican Liga MX,https://cdn.sofifa.net/teams/1028/60.png
Montevideo City Torque,20300.0,Uruguayan Primera División,https://cdn.sofifa.net/teams/113143/60.png
Montpellier Hérault SC,4095700.0,French Ligue 1,https://cdn.sofifa.net/teams/70/60.png
Morecambe,472900.0,English League One,https://cdn.sofifa.net/teams/357/60.png
Moreirense FC,1595000.0,Portuguese Liga ZON SAGRES,https://cdn.sofifa.net/teams/1900/60.png
Motherwell,577050.0,Scottish Premiership,https://cdn.sofifa.net/teams/83/60.png
Mumbai City FC,33500.0,Indian Super League,https://cdn.sofifa.net/teams/113300/60.png
Málaga CF,3695200.0,Spanish Segunda División,https://cdn.sofifa.net/teams/573/60.png
N.E.C. Nijmegen,445000.0,Holland Eredivisie,https://cdn.sofifa.net/teams/1910/60.png
NAC Breda,298000.0,Holland Eredivisie,https://cdn.sofifa.net/teams/1904/60.png
Nagoya Grampus,448250.0,Japanese J. League Division 1,https://cdn.sofifa.net/teams/112092/60.png
Najran SC,175000.0,Saudi Abdul L. Jameel League,https://cdn.sofifa.net/teams/112395/60.png
Napoli,15649000.0,Italian Serie A,https://cdn.sofifa.net/teams/48/60.png
Nashville SC,255300.0,USA Major League Soccer,https://cdn.sofifa.net/teams/114162/60.png
Neuchâtel Xamax FCS,101350.0,Swiss Super League,https://cdn.sofifa.net/teams/435/60.png
New England Revolution,1126700.0,USA Major League Soccer,https://cdn.sofifa.net/teams/691/60.png
New York City FC,1090450.0,USA Major League Soccer,https://cdn.sofifa.net/teams/112828/60.png
New York Red Bulls,1349550.0,USA Major League Soccer,https://cdn.sofifa.net/teams/689/60.png
Newcastle Jets,321750.0,Australian Hyundai A-League,https://cdn.sofifa.net/teams/111398/60.png
Newcastle United,9055000.0,English Premier League,https://cdn.sofifa.net/teams/13/60.png
Newell's Old Boys,2744850.0,Argentina Primera División,https://cdn.sofifa.net/teams/110396/60.png
Newport County,523050.0,English League Two,https://cdn.sofifa.net/teams/112254/60.png
NorthEast United FC,21400.0,Indian Super League,https://cdn.sofifa.net/teams/113040/60.png
Northampton Town,651250.0,English League Two,https://cdn.sofifa.net/teams/1930/60.png
Norwich City,5686000.0,English Premier League,https://cdn.sofifa.net/teams/1792/60.png
Nottingham Forest,5027000.0,English League Championship,https://cdn.sofifa.net/teams/14/60.png
Notts County,551000.0,English League Two,https://cdn.sofifa.net/teams/1937/60.png
Novara Calcio,300000.0,Italian Serie B,https://cdn.sofifa.net/teams/112225/60.png
Nueva Chicago,136000.0,Argentina Primera División,https://cdn.sofifa.net/teams/112925/60.png
Nîmes Olympique,1246300.0,French Ligue 2,https://cdn.sofifa.net/teams/224/60.png
OGC Nice,5083000.0,French Ligue 1,https://cdn.sofifa.net/teams/72/60.png
Odds BK,555200.0,Norwegian Eliteserien,https://cdn.sofifa.net/teams/1456/60.png
Odense Boldklub,965950.0,Danish Superliga,https://cdn.sofifa.net/teams/272/60.png
Odisha FC,29000.0,Indian Super League,https://cdn.sofifa.net/teams/113257/60.png
Ohod Club,230000.0,Saudi Abdul L. Jameel League,https://cdn.sofifa.net/teams/113219/60.png
Oita Trinita,155950.0,Japanese J. League Division 1,https://cdn.sofifa.net/teams/113183/60.png
Oldham Athletic,564550.0,English League Two,https://cdn.sofifa.net/teams/1920/60.png
Olympiacos CFP,2380400.0,Greek Super League,https://cdn.sofifa.net/teams/280/60.png
Olympique Lyonnais,10836000.0,French Ligue 1,https://cdn.sofifa.net/teams/66/60.png
Olympique de Marseille,7737750.0,French Ligue 1,https://cdn.sofifa.net/teams/219/60.png
Omiya Ardija,88000.0,Japanese J. League Division 1,https://cdn.sofifa.net/teams/112345/60.png
Once Caldas,646350.0,Colombian Liga Postobón,https://cdn.sofifa.net/teams/101106/60.png
Orlando City Soccer Club,1008800.0,USA Major League Soccer,https://cdn.sofifa.net/teams/112606/60.png
Orlando Pirates,1331800.0,South African Premier Division,https://cdn.sofifa.net/teams/110930/60.png
Osmanlıspor,1119000.0,Turkish Süper Lig,https://cdn.sofifa.net/teams/112958/60.png
Oud-Heverlee Leuven,726000.0,Belgian Jupiler Pro League,https://cdn.sofifa.net/teams/100087/60.png
Oxford United,728950.0,English League One,https://cdn.sofifa.net/teams/1951/60.png
PAOK,1082300.0,Greek Super League,https://cdn.sofifa.net/teams/393/60.png
PEC Zwolle,1148350.0,Holland Eredivisie,https://cdn.sofifa.net/teams/1914/60.png
PFC CSKA Moscow,6222200.0,Russian Premier League,https://cdn.sofifa.net/teams/315/60.png
PGE FKS Stal Mielec,81100.0,Polish T-Mobile Ekstraklasa,https://cdn.sofifa.net/teams/114004/60.png
PSV,4830650.0,Holland Eredivisie,https://cdn.sofifa.net/teams/247/60.png
Pachuca,2831700.0,Mexican Liga MX,https://cdn.sofifa.net/teams/110147/60.png
Padova,51000.0,Italian Serie B,https://cdn.sofifa.net/teams/110912/60.png
Palermo,1393000.0,Italian Serie B,https://cdn.sofifa.net/teams/1843/60.png
Palmeiras,2447000.0,Campeonato Brasileiro Série A,https://cdn.sofifa.net/teams/383/60.png
Panathinaikos FC,1427950.0,Greek Super League,https://cdn.sofifa.net/teams/1884/60.png
Paraná,212000.0,Campeonato Brasileiro Série A,https://cdn.sofifa.net/teams/111048/60.png
Paris FC,458100.0,French Ligue 2,https://cdn.sofifa.net/teams/111817/60.png
Paris Saint-Germain,22297050.0,French Ligue 1,https://cdn.sofifa.net/teams/73/60.png
Parma,3385500.0,Italian Serie B,https://cdn.sofifa.net/teams/50/60.png
Partick Thistle FC,315000.0,Scottish Premiership,https://cdn.sofifa.net/teams/1754/60.png
Patriotas Boyacá FC,297400.0,Colombian Liga Postobón,https://cdn.sofifa.net/teams/112527/60.png
Patronato,901000.0,Argentina Primera División,https://cdn.sofifa.net/teams/110581/60.png
Pau FC,107900.0,French Ligue 2,https://cdn.sofifa.net/teams/110321/60.png
Perth Glory,541400.0,Australian Hyundai A-League,https://cdn.sofifa.net/teams/111399/60.png
Perugia,554800.0,Italian Serie B,https://cdn.sofifa.net/teams/199/60.png
Pescara,849350.0,Italian Serie B,https://cdn.sofifa.net/teams/200/60.png
Peterborough United,805000.0,English League Championship,https://cdn.sofifa.net/teams/1938/60.png
Philadelphia Union,1173250.0,USA Major League Soccer,https://cdn.sofifa.net/teams/112134/60.png
Piast Gliwice,688000.0,Polish T-Mobile Ekstraklasa,https://cdn.sofifa.net/teams/111086/60.png
Pisa,94050.0,Italian Serie B,https://cdn.sofifa.net/teams/110738/60.png
Platense,206000.0,Argentina Primera División,https://cdn.sofifa.net/teams/112689/60.png
Plymouth Argyle,751500.0,English League One,https://cdn.sofifa.net/teams/1929/60.png
Podbeskidzie Bielsko-Biała,213450.0,Polish T-Mobile Ekstraklasa,https://cdn.sofifa.net/teams/111087/60.png
Pogoń Szczecin,717950.0,Polish T-Mobile Ekstraklasa,https://cdn.sofifa.net/teams/110746/60.png
Pohang Steelers,1033800.0,Korean K League 1,https://cdn.sofifa.net/teams/1474/60.png
Ponte Preta,399000.0,Campeonato Brasileiro Série A,https://cdn.sofifa.net/teams/111043/60.png
Pordenone,70150.0,Italian Serie B,https://cdn.sofifa.net/teams/113958/60.png
Port Vale,586250.0,English League Two,https://cdn.sofifa.net/teams/1928/60.png
Portimonense SC,740700.0,Portuguese Liga ZON SAGRES,https://cdn.sofifa.net/teams/10031/60.png
Portland Timbers,1328900.0,USA Major League Soccer,https://cdn.sofifa.net/teams/111140/60.png
Portsmouth,910700.0,English League One,https://cdn.sofifa.net/teams/1790/60.png
Preston North End,2417000.0,English League Championship,https://cdn.sofifa.net/teams/1801/60.png
Puebla FC,1151500.0,Mexican Liga MX,https://cdn.sofifa.net/teams/110152/60.png
Qingdao FC,258900.0,Chinese Super League,https://cdn.sofifa.net/teams/112961/60.png
Queens Park Rangers,3377850.0,English League Championship,https://cdn.sofifa.net/teams/15/60.png
Quilmes Atlético Club,395000.0,Argentina Primera División,https://cdn.sofifa.net/teams/110554/60.png
RB Bragantino,508000.0,Campeonato Brasileiro Série A,https://cdn.sofifa.net/teams/112472/60.png
RB Leipzig,8108050.0,German 1. Bundesliga,https://cdn.sofifa.net/teams/112172/60.png
RC Celta de Vigo,5009300.0,Spain Primera Division,https://cdn.sofifa.net/teams/450/60.png
RC Recreativo de Huelva,142000.0,Spanish Segunda División,https://cdn.sofifa.net/teams/571/60.png
RC Strasbourg Alsace,2363900.0,French Ligue 1,https://cdn.sofifa.net/teams/76/60.png
RCD Espanyol de Barcelona,5308500.0,Spain Primera Division,https://cdn.sofifa.net/teams/452/60.png
RCD Mallorca,2290000.0,Spain Primera Division,https://cdn.sofifa.net/teams/453/60.png
RKC Waalwijk,224500.0,Holland Eredivisie,https://cdn.sofifa.net/teams/1905/60.png
RSC Anderlecht,4213000.0,Belgian Jupiler Pro League,https://cdn.sofifa.net/teams/229/60.png
RZ Pellets Wolfsberger AC,868450.0,Austrian Football Bundesliga,https://cdn.sofifa.net/teams/111822/60.png
Racing Club,3821300.0,Argentina Primera División,https://cdn.sofifa.net/teams/101085/60.png
Racing Club de Lens,2181900.0,French Ligue 1,https://cdn.sofifa.net/teams/64/60.png
Racing Santander,179750.0,Spanish Segunda División,https://cdn.sofifa.net/teams/456/60.png
Radomiak Radom,55100.0,Polish T-Mobile Ekstraklasa,https://cdn.sofifa.net/teams/111088/60.png
Raków Częstochowa,215850.0,Polish T-Mobile Ekstraklasa,https://cdn.sofifa.net/teams/114326/60.png
Randers FC,963450.0,Danish Superliga,https://cdn.sofifa.net/teams/1786/60.png
Rangers FC,5146000.0,Scottish Premiership,https://cdn.sofifa.net/teams/86/60.png
Ranheim Fotball,45000.0,Norwegian Eliteserien,https://cdn.sofifa.net/teams/112200/60.png
Rapid București,104200.0,Romanian Liga I,https://cdn.sofifa.net/teams/310/60.png
Rayo Vallecano,3214400.0,Spain Primera Division,https://cdn.sofifa.net/teams/480/60.png
Reading,3447250.0,English League Championship,https://cdn.sofifa.net/teams/1793/60.png
Real Betis Balompié,5433000.0,Spain Primera Division,https://cdn.sofifa.net/teams/449/60.png
Real Madrid CF,40400000.0,Spain Primera Division,https://cdn.sofifa.net/teams/243/60.png
Real Oviedo,1299000.0,Spanish Segunda División,https://cdn.sofifa.net/teams/110827/60.png
Real Salt Lake,1145950.0,USA Major League Soccer,https://cdn.sofifa.net/teams/111065/60.png
Real Sociedad,7399000.0,Spain Primera Division,https://cdn.sofifa.net/teams/457/60.png
Real Sociedad B,101600.0,Spanish Segunda División,https://cdn.sofifa.net/teams/110711/60.png
Real Sporting de Gijón,2114650.0,Spanish Segunda División,https://cdn.sofifa.net/teams/459/60.png
Real Valladolid CF,3028000.0,Spanish Segunda División,https://cdn.sofifa.net/teams/462/60.png
Real Zaragoza,1698150.0,Spanish Segunda División,https://cdn.sofifa.net/teams/244/60.png
Red Star FC,223000.0,French Ligue 2,https://cdn.sofifa.net/teams/111273/60.png
Rio Ave FC,1522900.0,Portuguese Liga ZON SAGRES,https://cdn.sofifa.net/teams/744/60.png
Rionegro Águilas,485850.0,Colombian Liga Postobón,https://cdn.sofifa.net/teams/112578/60.png
River Plate,4291000.0,Argentina Primera División,https://cdn.sofifa.net/teams/1876/60.png
Rochdale,440100.0,English League Two,https://cdn.sofifa.net/teams/1955/60.png
Roda JC Kerkrade,442000.0,Holland Eredivisie,https://cdn.sofifa.net/teams/1902/60.png
Rodez Aveyron Football,134250.0,French Ligue 2,https://cdn.sofifa.net/teams/111659/60.png
Roma,12275350.0,Italian Serie A,https://cdn.sofifa.net/teams/52/60.png
Rosario Central,2099900.0,Argentina Primera División,https://cdn.sofifa.net/teams/110580/60.png
Rosenborg BK,1471050.0,Norwegian Eliteserien,https://cdn.sofifa.net/teams/298/60.png
Ross County FC,471600.0,Scottish Premiership,https://cdn.sofifa.net/teams/631/60.png
Rotherham United,1263500.0,English League One,https://cdn.sofifa.net/teams/1797/60.png
Royal Antwerp FC,1536350.0,Belgian Jupiler Pro League,https://cdn.sofifa.net/teams/230/60.png
Royal Charleroi S.C.,1619850.0,Belgian Jupiler Pro League,https://cdn.sofifa.net/teams/670/60.png
Royal Excel Mouscron,640200.0,Belgian Jupiler Pro League,https://cdn.sofifa.net/teams/111560/60.png
Royale Union Saint-Gilloise,310000.0,Belgian Jupiler Pro League,https://cdn.sofifa.net/teams/2014/60.png
Rubin Kazan,2436000.0,Russian Premier League,https://cdn.sofifa.net/teams/110227/60.png
Ruch Chorzów,237000.0,Polish T-Mobile Ekstraklasa,https://cdn.sofifa.net/teams/874/60.png
SC Bastia,1190900.0,French Ligue 2,https://cdn.sofifa.net/teams/58/60.png
SC Braga,3920500.0,Portuguese Liga ZON SAGRES,https://cdn.sofifa.net/teams/1896/60.png
SC Cambuur,407900.0,Holland Eredivisie,https://cdn.sofifa.net/teams/647/60.png
SC East Bengal FC,28800.0,Indian Super League,https://cdn.sofifa.net/teams/111629/60.png
SC Farense,84750.0,Portuguese Liga ZON SAGRES,https://cdn.sofifa.net/teams/489/60.png
SC Fortuna Köln,37000.0,German 3. Bundesliga,https://cdn.sofifa.net/teams/110169/60.png
SC Freiburg II,40000.0,German 3. Bundesliga,https://cdn.sofifa.net/teams/110691/60.png
SC Heerenveen,1224450.0,Holland Eredivisie,https://cdn.sofifa.net/teams/1913/60.png
SC Magna Wiener Neustadt,74000.0,Austrian Football Bundesliga,https://cdn.sofifa.net/teams/111373/60.png
SC Paderborn 07,1471900.0,German 2. Bundesliga,https://cdn.sofifa.net/teams/10030/60.png
SC Preußen Münster,80700.0,German 3. Bundesliga,https://cdn.sofifa.net/teams/531/60.png
SC Rheindorf Altach,809750.0,Austrian Football Bundesliga,https://cdn.sofifa.net/teams/15009/60.png
SD Amorebieta,103300.0,Spanish Segunda División,https://cdn.sofifa.net/teams/113356/60.png
SD Eibar,3990700.0,Spanish Segunda División,https://cdn.sofifa.net/teams/467/60.png
SD Huesca,1569450.0,Spanish Segunda División,https://cdn.sofifa.net/teams/110839/60.png
SD Ponferradina,557800.0,Spanish Segunda División,https://cdn.sofifa.net/teams/2023/60.png
SG Dynamo Dresden,1048100.0,German 2. Bundesliga,https://cdn.sofifa.net/teams/503/60.png
SG Sonnenhof Großaspach,85450.0,German 3. Bundesliga,https://cdn.sofifa.net/teams/111379/60.png
SK Austria Klagenfurt,139100.0,Austrian Football Bundesliga,https://cdn.sofifa.net/teams/1787/60.png
SK Brann,489950.0,Norwegian Eliteserien,https://cdn.sofifa.net/teams/919/60.png
SK Rapid Wien,2245350.0,Austrian Football Bundesliga,https://cdn.sofifa.net/teams/254/60.png
SK Slavia Praha,105000.0,Czech Republic Gambrinus Liga,https://cdn.sofifa.net/teams/266/60.png
SK Sturm Graz,1489900.0,Austrian Football Bundesliga,https://cdn.sofifa.net/teams/209/60.png
SKA Khabarovsk,192000.0,Russian Premier League,https://cdn.sofifa.net/teams/110101/60.png
SL Benfica,6607850.0,Portuguese Liga ZON SAGRES,https://cdn.sofifa.net/teams/234/60.png
SPAL,932750.0,Italian Serie B,https://cdn.sofifa.net/teams/112791/60.png
SS Virtus Lanciano,135000.0,Italian Serie B,https://cdn.sofifa.net/teams/112020/60.png
SSV Jahn Regensburg,649600.0,German 2. Bundesliga,https://cdn.sofifa.net/teams/543/60.png
SV Darmstadt 98,2289900.0,German 2. Bundesliga,https://cdn.sofifa.net/teams/110502/60.png
SV Grödig,159000.0,Austrian Football Bundesliga,https://cdn.sofifa.net/teams/112022/60.png
SV Mattersburg,578850.0,Austrian Football Bundesliga,https://cdn.sofifa.net/teams/1785/60.png
SV Meppen,107150.0,German 3. Bundesliga,https://cdn.sofifa.net/teams/110597/60.png
SV Ried,505000.0,Austrian Football Bundesliga,https://cdn.sofifa.net/teams/780/60.png
SV Sandhausen,835600.0,German 2. Bundesliga,https://cdn.sofifa.net/teams/110178/60.png
SV Waldhof Mannheim 07,92750.0,German 3. Bundesliga,https://cdn.sofifa.net/teams/110532/60.png
SV Wehen Wiesbaden,399550.0,German 3. Bundesliga,https://cdn.sofifa.net/teams/492/60.png
SV Werder Bremen,4583000.0,German 2. Bundesliga,https://cdn.sofifa.net/teams/38/60.png
SV Werder Bremen II,12500.0,German 3. Bundesliga,https://cdn.sofifa.net/teams/110694/60.png
SV Zulte Waregem,1678000.0,Belgian Jupiler Pro League,https://cdn.sofifa.net/teams/15005/60.png
Sagan Tosu,354850.0,Japanese J. League Division 1,https://cdn.sofifa.net/teams/113160/60.png
Salford City,408000.0,English League Two,https://cdn.sofifa.net/teams/113926/60.png
San Jose Earthquakes,1203050.0,USA Major League Soccer,https://cdn.sofifa.net/teams/111928/60.png
San Lorenzo de Almagro,3615200.0,Argentina Primera División,https://cdn.sofifa.net/teams/1013/60.png
San Luis de Quillota,239000.0,Chilian Campeonato Nacional,https://cdn.sofifa.net/teams/112668/60.png
San Martin de Tucumán,107000.0,Argentina Primera División,https://cdn.sofifa.net/teams/111714/60.png
San Martín de San Juan,417000.0,Argentina Primera División,https://cdn.sofifa.net/teams/111713/60.png
Sandecja Nowy Sącz,37500.0,Polish T-Mobile Ekstraklasa,https://cdn.sofifa.net/teams/112508/60.png
Sandefjord Fotball,181550.0,Norwegian Eliteserien,https://cdn.sofifa.net/teams/1757/60.png
Sandnes Ulf,82000.0,Norwegian Eliteserien,https://cdn.sofifa.net/teams/112374/60.png
Sanfrecce Hiroshima,790150.0,Japanese J. League Division 1,https://cdn.sofifa.net/teams/113157/60.png
Sangju Sangmu FC,386000.0,Korean K League 1,https://cdn.sofifa.net/teams/2055/60.png
Santa Clara,424300.0,Portuguese Liga ZON SAGRES,https://cdn.sofifa.net/teams/1438/60.png
Santa Cruz,162000.0,Campeonato Brasileiro Série A,https://cdn.sofifa.net/teams/111058/60.png
Santiago Wanderers,522500.0,Chilian Campeonato Nacional,https://cdn.sofifa.net/teams/110976/60.png
Santos,2092000.0,Campeonato Brasileiro Série A,https://cdn.sofifa.net/teams/1053/60.png
Santos Laguna,2690000.0,Mexican Liga MX,https://cdn.sofifa.net/teams/110144/60.png
Sarpsborg 08 FF,371500.0,Norwegian Eliteserien,https://cdn.sofifa.net/teams/112199/60.png
Scunthorpe United,749900.0,English League Two,https://cdn.sofifa.net/teams/1949/60.png
Seattle Sounders FC,1735450.0,USA Major League Soccer,https://cdn.sofifa.net/teams/111144/60.png
Seongnam FC,503100.0,Korean K League 1,https://cdn.sofifa.net/teams/981/60.png
Sepsi OSK Sf. Gheorghe,340900.0,Romanian Liga I,https://cdn.sofifa.net/teams/113378/60.png
Seraing,159100.0,Belgian Jupiler Pro League,https://cdn.sofifa.net/teams/112695/60.png
Servette FC,501900.0,Swiss Super League,https://cdn.sofifa.net/teams/324/60.png
Sevilla Atlético,139500.0,Spanish Segunda División,https://cdn.sofifa.net/teams/110714/60.png
Sevilla FC,8032000.0,Spain Primera Division,https://cdn.sofifa.net/teams/481/60.png
Shakhtar Donetsk,3311500.0,Ukrainian Premier League,https://cdn.sofifa.net/teams/101059/60.png
Shamrock Rovers,324550.0,Rep. Ireland Airtricity League,https://cdn.sofifa.net/teams/306/60.png
Shandong Taishan,881000.0,Chinese Super League,https://cdn.sofifa.net/teams/111724/60.png
Shanghai Port FC,977000.0,Chinese Super League,https://cdn.sofifa.net/teams/112540/60.png
Shanghai Shenhua FC,774100.0,Chinese Super League,https://cdn.sofifa.net/teams/110955/60.png
Sheffield United,3449400.0,English League Championship,https://cdn.sofifa.net/teams/1794/60.png
Sheffield Wednesday,3798900.0,English League One,https://cdn.sofifa.net/teams/1807/60.png
Shelbourne FC,12350.0,Rep. Ireland Airtricity League,https://cdn.sofifa.net/teams/834/60.png
Shenzhen FC,432000.0,Chinese Super League,https://cdn.sofifa.net/teams/111773/60.png
Shijiazhuang Ever Bright F.C.,190250.0,Chinese Super League,https://cdn.sofifa.net/teams/112985/60.png
Shimizu S-Pulse,297500.0,Japanese J. League Division 1,https://cdn.sofifa.net/teams/101149/60.png
Shonan Bellmare,239600.0,Japanese J. League Division 1,https://cdn.sofifa.net/teams/113161/60.png
Shrewsbury Town,565000.0,English League One,https://cdn.sofifa.net/teams/127/60.png
Silkeborg IF,351900.0,Danish Superliga,https://cdn.sofifa.net/teams/270/60.png
Sint-Truidense VV,1109850.0,Belgian Jupiler Pro League,https://cdn.sofifa.net/teams/680/60.png
Sligo Rovers,204000.0,Rep. Ireland Airtricity League,https://cdn.sofifa.net/teams/563/60.png
Sociedad Deportiva Aucas,37500.0,Ecuadorian Serie A,https://cdn.sofifa.net/teams/110987/60.png
Sogndal Fotball,145000.0,Norwegian Eliteserien,https://cdn.sofifa.net/teams/1465/60.png
Southampton,9921800.0,English Premier League,https://cdn.sofifa.net/teams/17/60.png
Southend United,482850.0,English League Two,https://cdn.sofifa.net/teams/1954/60.png
SpVgg Greuther Fürth,1784650.0,German 1. Bundesliga,https://cdn.sofifa.net/teams/165/60.png
SpVgg Unterhaching,147000.0,German 3. Bundesliga,https://cdn.sofifa.net/teams/172/60.png
Sparta Rotterdam,516400.0,Holland Eredivisie,https://cdn.sofifa.net/teams/100646/60.png
Spartak Moskva,7044650.0,Russian Premier League,https://cdn.sofifa.net/teams/100767/60.png
Spezia,1489900.0,Italian Serie A,https://cdn.sofifa.net/teams/110741/60.png
Sport Club Corinthians Paulista,799000.0,Campeonato Brasileiro Série A,https://cdn.sofifa.net/teams/1041/60.png
Sport Club do Recife,600000.0,Campeonato Brasileiro Série A,https://cdn.sofifa.net/teams/111057/60.png
Sport Huancayo,41500.0,Peruvian Primera División,https://cdn.sofifa.net/teams/114511/60.png
Sport-Club Freiburg,3840000.0,German 1. Bundesliga,https://cdn.sofifa.net/teams/25/60.png
Sportclub Verl,68200.0,German 3. Bundesliga,https://cdn.sofifa.net/teams/110501/60.png
Sporting CP,6381500.0,Portuguese Liga ZON SAGRES,https://cdn.sofifa.net/teams/237/60.png
Sporting Kansas City,1385350.0,USA Major League Soccer,https://cdn.sofifa.net/teams/696/60.png
Sporting Lokeren,1151000.0,Belgian Jupiler Pro League,https://cdn.sofifa.net/teams/2007/60.png
St. Johnstone FC,598500.0,Scottish Premiership,https://cdn.sofifa.net/teams/100804/60.png
St. Mirren,313200.0,Scottish Premiership,https://cdn.sofifa.net/teams/100805/60.png
St. Patrick's Athletic,256800.0,Rep. Ireland Airtricity League,https://cdn.sofifa.net/teams/423/60.png
Stabæk Fotball,428900.0,Norwegian Eliteserien,https://cdn.sofifa.net/teams/917/60.png
Stade Brestois 29,1602500.0,French Ligue 1,https://cdn.sofifa.net/teams/378/60.png
Stade Lavallois Mayenne FC,318000.0,French Ligue 2,https://cdn.sofifa.net/teams/1814/60.png
Stade Malherbe Caen,2160800.0,French Ligue 2,https://cdn.sofifa.net/teams/210/60.png
Stade Rennais FC,6100400.0,French Ligue 1,https://cdn.sofifa.net/teams/74/60.png
Stade de Reims,2885000.0,French Ligue 1,https://cdn.sofifa.net/teams/379/60.png
Standard de Liège,3087500.0,Belgian Jupiler Pro League,https://cdn.sofifa.net/teams/232/60.png
Stevenage,490550.0,English League Two,https://cdn.sofifa.net/teams/361/60.png
Stoke City,7718000.0,English League Championship,https://cdn.sofifa.net/teams/1806/60.png
Strømsgodset IF,652350.0,Norwegian Eliteserien,https://cdn.sofifa.net/teams/922/60.png
Sunderland,3398200.0,English League One,https://cdn.sofifa.net/teams/106/60.png
Sutton United,90900.0,English League Two,https://cdn.sofifa.net/teams/110799/60.png
Suwon FC,128800.0,Korean K League 1,https://cdn.sofifa.net/teams/112558/60.png
Suwon Samsung Bluewings,1111100.0,Korean K League 1,https://cdn.sofifa.net/teams/983/60.png
Swansea City,6294500.0,English League Championship,https://cdn.sofifa.net/teams/1960/60.png
Swindon Town,681150.0,English League Two,https://cdn.sofifa.net/teams/1934/60.png
Sydney FC,921400.0,Australian Hyundai A-League,https://cdn.sofifa.net/teams/111400/60.png
São Paulo,2284000.0,Campeonato Brasileiro Série A,https://cdn.sofifa.net/teams/598/60.png
SønderjyskE,834800.0,Danish Superliga,https://cdn.sofifa.net/teams/1447/60.png
TSG Hoffenheim,7226000.0,German 1. Bundesliga,https://cdn.sofifa.net/teams/10029/60.png
TSV 1860 München,884850.0,German 3. Bundesliga,https://cdn.sofifa.net/teams/33/60.png
TSV Egger Glas Hartberg,259150.0,Austrian Football Bundesliga,https://cdn.sofifa.net/teams/2017/60.png
TSV Havelse,28400.0,German 3. Bundesliga,https://cdn.sofifa.net/teams/110678/60.png
Terek Grozny,1526000.0,Russian Premier League,https://cdn.sofifa.net/teams/110109/60.png
Ternana,359000.0,Italian Serie B,https://cdn.sofifa.net/teams/570/60.png
Tianjin Jinmen Tiger FC,524000.0,Chinese Super League,https://cdn.sofifa.net/teams/111774/60.png
Tianjin Quanjian FC,344000.0,Chinese Super League,https://cdn.sofifa.net/teams/112983/60.png
Tiburones Rojos de Veracruz,932650.0,Mexican Liga MX,https://cdn.sofifa.net/teams/110145/60.png
Tigres FC,17000.0,Colombian Liga Postobón,https://cdn.sofifa.net/teams/112968/60.png
Tigres U.A.N.L.,7499950.0,Mexican Liga MX,https://cdn.sofifa.net/teams/1970/60.png
Tokushima Vortis,74100.0,Japanese J. League Division 1,https://cdn.sofifa.net/teams/112783/60.png
Torino F.C.,7965000.0,Italian Serie A,https://cdn.sofifa.net/teams/54/60.png
Toronto FC,1656650.0,USA Major League Soccer,https://cdn.sofifa.net/teams/111651/60.png
Torpedo Moscow,183000.0,Russian Premier League,https://cdn.sofifa.net/teams/100768/60.png
Tottenham Hotspur,19529500.0,English Premier League,https://cdn.sofifa.net/teams/18/60.png
Toulouse Football Club,3252400.0,French Ligue 2,https://cdn.sofifa.net/teams/1809/60.png
Tours FC,369500.0,French Ligue 2,https://cdn.sofifa.net/teams/110326/60.png
Trabzonspor,5300500.0,Turkish Süper Lig,https://cdn.sofifa.net/teams/436/60.png
Tranmere Rovers,364150.0,English League Two,https://cdn.sofifa.net/teams/15048/60.png
Trapani,239800.0,Italian Serie B,https://cdn.sofifa.net/teams/112410/60.png
Trelleborgs FF,24500.0,Swedish Allsvenskan,https://cdn.sofifa.net/teams/703/60.png
Tromsø IL,315350.0,Norwegian Eliteserien,https://cdn.sofifa.net/teams/418/60.png
Türkgücü München,120500.0,German 3. Bundesliga,https://cdn.sofifa.net/teams/114398/60.png
U.C. Sampdoria,5102000.0,Italian Serie A,https://cdn.sofifa.net/teams/1837/60.png
U.S. Sassuolo Calcio,6291000.0,Italian Serie A,https://cdn.sofifa.net/teams/111974/60.png
UCAM Murcia CF,135000.0,Spanish Segunda División,https://cdn.sofifa.net/teams/113216/60.png
UCD AFC,60500.0,Rep. Ireland Airtricity League,https://cdn.sofifa.net/teams/111132/60.png
UD Ibiza,174600.0,Spanish Segunda División,https://cdn.sofifa.net/teams/113981/60.png
UD Logroñés,66700.0,Spanish Segunda División,https://cdn.sofifa.net/teams/476/60.png
UE Llagostera,109000.0,Spanish Segunda División,https://cdn.sofifa.net/teams/112902/60.png
US Cremonese,190500.0,Italian Serie B,https://cdn.sofifa.net/teams/111434/60.png
US Créteil-Lusitanos,209000.0,French Ligue 2,https://cdn.sofifa.net/teams/1812/60.png
US Orléans Loiret Football,298550.0,French Ligue 2,https://cdn.sofifa.net/teams/112276/60.png
US Quevilly Rouen Métropole,124100.0,French Ligue 2,https://cdn.sofifa.net/teams/112552/60.png
US Salernitana 1919,1261450.0,Italian Serie A,https://cdn.sofifa.net/teams/110373/60.png
USL Dunkerque,118300.0,French Ligue 2,https://cdn.sofifa.net/teams/111276/60.png
Udinese Calcio,4522450.0,Italian Serie A,https://cdn.sofifa.net/teams/55/60.png
Ulsan Hyundai FC,1350750.0,Korean K League 1,https://cdn.sofifa.net/teams/1473/60.png
Uniautónoma FC,111000.0,Colombian Liga Postobón,https://cdn.sofifa.net/teams/112830/60.png
Universidad Católica,2009750.0,Chilian Campeonato Nacional,https://cdn.sofifa.net/teams/110975/60.png
Universidad Técnica de Cajamarca,26000.0,Peruvian Primera División,https://cdn.sofifa.net/teams/114617/60.png
Universidad de Chile,2079000.0,Chilian Campeonato Nacional,https://cdn.sofifa.net/teams/15029/60.png
Universitatea Craiova,480800.0,Romanian Liga I,https://cdn.sofifa.net/teams/308/60.png
União da Madeira,143000.0,Portuguese Liga ZON SAGRES,https://cdn.sofifa.net/teams/112517/60.png
Unión Deportiva Almería,1900450.0,Spanish Segunda División,https://cdn.sofifa.net/teams/1861/60.png
Unión Deportiva Las Palmas,2561550.0,Spanish Segunda División,https://cdn.sofifa.net/teams/472/60.png
Unión Española,799450.0,Chilian Campeonato Nacional,https://cdn.sofifa.net/teams/110977/60.png
Unión La Calera,420350.0,Chilian Campeonato Nacional,https://cdn.sofifa.net/teams/112535/60.png
Unión de Santa Fe,1130500.0,Argentina Primera División,https://cdn.sofifa.net/teams/111716/60.png
Urawa Red Diamonds,967050.0,Japanese J. League Division 1,https://cdn.sofifa.net/teams/111575/60.png
V-Varen Nagasaki,43000.0,Japanese J. League Division 1,https://cdn.sofifa.net/teams/112448/60.png
VVV-Venlo,303750.0,Holland Eredivisie,https://cdn.sofifa.net/teams/100651/60.png
Valencia CF,8867750.0,Spain Primera Division,https://cdn.sofifa.net/teams/461/60.png
Valenciennes FC,702000.0,French Ligue 2,https://cdn.sofifa.net/teams/110456/60.png
Vancouver Whitecaps FC,1076350.0,USA Major League Soccer,https://cdn.sofifa.net/teams/101112/60.png
Varbergs BoIS FC,53900.0,Swedish Allsvenskan,https://cdn.sofifa.net/teams/113743/60.png
Varese,65000.0,Italian Serie B,https://cdn.sofifa.net/teams/112237/60.png
Vegalta Sendai,320750.0,Japanese J. League Division 1,https://cdn.sofifa.net/teams/112836/60.png
Vejle Boldklub,280550.0,Danish Superliga,https://cdn.sofifa.net/teams/822/60.png
Vendsyssel FF,59000.0,Danish Superliga,https://cdn.sofifa.net/teams/111660/60.png
Venezia FC,818750.0,Italian Serie A,https://cdn.sofifa.net/teams/205/60.png
Ventforet Kofu,88500.0,Japanese J. League Division 1,https://cdn.sofifa.net/teams/113162/60.png
VfB Lübeck,19650.0,German 3. Bundesliga,https://cdn.sofifa.net/teams/1829/60.png
VfB Stuttgart,4829700.0,German 1. Bundesliga,https://cdn.sofifa.net/teams/36/60.png
VfL Bochum 1848,2344450.0,German 1. Bundesliga,https://cdn.sofifa.net/teams/160/60.png
VfL Osnabrück,398600.0,German 3. Bundesliga,https://cdn.sofifa.net/teams/487/60.png
VfL Sportfreunde Lotte,34500.0,German 3. Bundesliga,https://cdn.sofifa.net/teams/110700/60.png
VfL Wolfsburg,11341950.0,German 1. Bundesliga,https://cdn.sofifa.net/teams/175/60.png
VfR Aalen,104000.0,German 3. Bundesliga,https://cdn.sofifa.net/teams/550/60.png
Viborg FF,262800.0,Danish Superliga,https://cdn.sofifa.net/teams/1443/60.png
Vicenza,283500.0,Italian Serie B,https://cdn.sofifa.net/teams/112954/60.png
Viking FK,566150.0,Norwegian Eliteserien,https://cdn.sofifa.net/teams/300/60.png
Viktoria Köln,162150.0,German 3. Bundesliga,https://cdn.sofifa.net/teams/110645/60.png
Villarreal CF,7916500.0,Spain Primera Division,https://cdn.sofifa.net/teams/483/60.png
Virtus Entella Chiavari,206600.0,Italian Serie B,https://cdn.sofifa.net/teams/113147/60.png
Vissel Kobe,679250.0,Japanese J. League Division 1,https://cdn.sofifa.net/teams/101146/60.png
Vitesse,2243500.0,Holland Eredivisie,https://cdn.sofifa.net/teams/1909/60.png
Vitória,477000.0,Campeonato Brasileiro Série A,https://cdn.sofifa.net/teams/1719/60.png
Vitória de Guimarães,2227900.0,Portuguese Liga ZON SAGRES,https://cdn.sofifa.net/teams/1887/60.png
Vitória de Setúbal,978650.0,Portuguese Liga ZON SAGRES,https://cdn.sofifa.net/teams/665/60.png
Vålerenga Fotball,777400.0,Norwegian Eliteserien,https://cdn.sofifa.net/teams/920/60.png
Vélez Sarsfield,2422500.0,Argentina Primera División,https://cdn.sofifa.net/teams/101088/60.png
WSG Tirol,285750.0,Austrian Football Bundesliga,https://cdn.sofifa.net/teams/15040/60.png
Waasland-Beveren,764900.0,Belgian Jupiler Pro League,https://cdn.sofifa.net/teams/110913/60.png
Walsall,605300.0,English League Two,https://cdn.sofifa.net/teams/1803/60.png
Warta Poznań,66950.0,Polish T-Mobile Ekstraklasa,https://cdn.sofifa.net/teams/112511/60.png
Waterford FC,71300.0,Rep. Ireland Airtricity League,https://cdn.sofifa.net/teams/753/60.png
Watford,8823000.0,English Premier League,https://cdn.sofifa.net/teams/1795/60.png
Wellington Phoenix,387450.0,Australian Hyundai A-League,https://cdn.sofifa.net/teams/111766/60.png
West Bromwich Albion,7233000.0,English League Championship,https://cdn.sofifa.net/teams/109/60.png
West Ham United,13642000.0,English Premier League,https://cdn.sofifa.net/teams/19/60.png
Western Sydney Wanderers,666250.0,Australian Hyundai A-League,https://cdn.sofifa.net/teams/112427/60.png
Western United FC,82450.0,Australian Hyundai A-League,https://cdn.sofifa.net/teams/114023/60.png
Wexford Youths,12500.0,Rep. Ireland Airtricity League,https://cdn.sofifa.net/teams/111968/60.png
Wigan Athletic,2139350.0,English League One,https://cdn.sofifa.net/teams/1917/60.png
Willem II,994500.0,Holland Eredivisie,https://cdn.sofifa.net/teams/1907/60.png
Wisła Kraków,826300.0,Polish T-Mobile Ekstraklasa,https://cdn.sofifa.net/teams/1873/60.png
Wisła Płock,320000.0,Polish T-Mobile Ekstraklasa,https://cdn.sofifa.net/teams/1569/60.png
Wolverhampton Wanderers,8681000.0,English Premier League,https://cdn.sofifa.net/teams/110/60.png
Wrexham AFC,27000.0,English National League,https://cdn.sofifa.net/teams/1947/60.png
Wuhan FC,383050.0,Chinese Super League,https://cdn.sofifa.net/teams/112541/60.png
Wycombe Wanderers,617850.0,English League One,https://cdn.sofifa.net/teams/1933/60.png
Yeni Malatyaspor,956150.0,Turkish Süper Lig,https://cdn.sofifa.net/teams/113259/60.png
Yeovil Town,265500.0,English League Two,https://cdn.sofifa.net/teams/346/60.png
Yokohama F. Marinos,701800.0,Japanese J. League Division 1,https://cdn.sofifa.net/teams/101151/60.png
Yokohama FC,122550.0,Japanese J. League Division 1,https://cdn.sofifa.net/teams/113197/60.png
York City,90000.0,English League Two,https://cdn.sofifa.net/teams/1948/60.png
Yukatel Kayserispor,1745550.0,Turkish Süper Lig,https://cdn.sofifa.net/teams/101020/60.png
Zagłębie Lubin,547100.0,Polish T-Mobile Ekstraklasa,https://cdn.sofifa.net/teams/110749/60.png
Zagłębie Sosnowiec,35000.0,Polish T-Mobile Ekstraklasa,https://cdn.sofifa.net/teams/111089/60.png
Zamora Fútbol Club,14000.0,Venezuelan Primera División,https://cdn.sofifa.net/teams/112912/60.png
Zenit St. Petersburg,6207000.0,Russian Premier League,https://cdn.sofifa.net/teams/100769/60.png
spusu SKN St. Pölten,423650.0,Austrian Football Bundesliga,https://cdn.sofifa.net/teams/112075/60.png
Åtvidabergs FF,147000.0,Swedish Allsvenskan,https://cdn.sofifa.net/teams/111835/60.png
Çaykur Rizespor,1793200.0,Turkish Süper Lig,https://cdn.sofifa.net/teams/101037/60.png
Évian Thonon Gaillard FC,470000.0,French Ligue 2,https://cdn.sofifa.net/teams/111271/60.png
Örebro SK,448550.0,Swedish Allsvenskan,https://cdn.sofifa.net/teams/705/60.png
Östersunds FK,233100.0,Swedish Allsvenskan,https://cdn.sofifa.net/teams/113173/60.png
İstanbul Başakşehir FK,4783000.0,Turkish Süper Lig,https://cdn.sofifa.net/teams/101014/60.png
İttifak Holding Konyaspor,2370000.0,Turkish Süper Lig,https://cdn.sofifa.net/teams/101033/60.png
ŁKS Łódź,26150.0,Polish T-Mobile Ekstraklasa,https://cdn.sofifa.net/teams/111085/60.png
Śląsk Wrocław,747550.0,Polish T-Mobile Ekstraklasa,https://cdn.sofifa.net/teams/111092/60.png
